SampleID	SeqProject	LCSETMax	ReadgroupsAggregated	GENDER	ANCESTRY	SeqTech	LibTech	Mean_Coverage	Contamination_Estimation	Percent_Chimeric_Reads	Median_Insert_Size	Standard_Deviation_Insert_Size	Percent_lt_30bp_frags	index
Sample-001	G66919	LCSET-5036	3	Male	White	HiSeq2000	SAGE	39.771	0	0.006817	365	81.327	0.0055984	1
Sample-002	G66919	LCSET-5036	3	Female	White	HiSeq2000	SAGE	40.097	0	0.003682	345	68.687	0.0064346	2
Sample-003	G66919	LCSET-5036	3	Male	African American	HiSeq2000	SAGE	40.846	0	0.005409	353	75.93	0.0065993	3
Sample-004	G66919	LCSET-5036	3	Male	African American	HiSeq2000	SAGE	29.423	0	0.005704	341	87.434	0.0520538	4
Sample-005	G66919	LCSET-5036	3	Male	White	HiSeq2000	SAGE	42.422	0	0.00453	359	85.617	0.0072877	5
Sample-006	G66919	LCSET-5036	3	Female	White	HiSeq2000	SAGE	41.381	0	0.003586	345	72.598	0.0056361	6
Sample-007	G66919	LCSET-5036	3	Male	White	HiSeq2000	SAGE	43.119	0	0.005031	355	75.531	0.0063857	7
Sample-008	G66919	LCSET-5036	3	Male	White	HiSeq2000	SAGE	40.804	0	0.005796	361	74.739	0.0061761	8
Sample-009	G66919	LCSET-5036	3	Female	White	HiSeq2000	SAGE	44.677	0	0.004832	344	53.272	0.0059057	9
Sample-010	G66919	LCSET-5036	3	Male	White	HiSeq2000	SAGE	38.604	0.00383	0.009032	365	56.442	0.0068505	10
Sample-011	G66919	LCSET-5036	3	Female	African American	HiSeq2000	SAGE	25.66	0	0.005954	339	72.782	0.007883	11
Sample-012	G66919	LCSET-5036	3	Male	White	HiSeq2000	SAGE	39.951	0	0.005644	352	62.314	0.0061559	12
Sample-013	G66919	LCSET-5036	4	Female	White	HiSeq2000	SAGE	57.392	0	0.005686	326	81.297	0.0333225	13
Sample-014	G66919	LCSET-5036	3	Male	White	HiSeq2000	SAGE	25.272	0	0.006731	366	71.973	0.0079673	14
Sample-015	G66919	LCSET-5036	3	Male	White	HiSeq2000	SAGE	43.846	0	0.007218	324	75.629	0.0047923	15
Sample-016	G66919	LCSET-5036	3	Male	White	HiSeq2000	SAGE	39.042	0	0.005069	349	74.284	0.005893	16
Sample-017	G66919	LCSET-5036	3	Male	White	HiSeq2000	SAGE	42.663	0	0.002528	326	51.993	0.0031556	17
Sample-018	G66919	LCSET-5036	5	Male	White	HiSeq2000	SAGE	31.141	0.00108	0.003901	339	69.669	0.0075845	18
Sample-019	G66919	LCSET-5036	3	Female	White	HiSeq2000	SAGE	40.408	0	0.004548	354	59.884	0.0064194	19
Sample-020	G66919	LCSET-5036	3	Male	White	HiSeq2000	SAGE	38.562	0	0.004875	361	75.819	0.0060728	20
Sample-021	G66919	LCSET-5036	3	Male	White	HiSeq2000	SAGE	32.903	0	0.005708	344	89.21	0.0576388	21
Sample-022	G66919	LCSET-5036	3	Female	White	HiSeq2000	SAGE	46.026	0	0.004718	359	72.014	0.0059735	22
Sample-023	G66919	LCSET-5036	3	Female	White	HiSeq2000	SAGE	41.451	0	0.006007	353	78.404	0.0061129	23
Sample-024	G66919	LCSET-5036	3	Male	White	HiSeq2000	SAGE	42.963	0	0.003422	323	45.202	0.0032426	24
Sample-025	G66919	LCSET-5036	2	Female	White	HiSeq2000	SAGE	33.294	0	0.003523	307	68.922	0.0036517	25
Sample-026	G66919	LCSET-5036	3	Male	White	HiSeq2000	SAGE	38.958	0	0.004103	353	111.268	0.097269	26
Sample-027	G66919	LCSET-5036	3	Male	White	HiSeq2000	SAGE	46.235	0.00014	0.00387	324	61.58	0.0048536	27
Sample-028	G66919	LCSET-5036	3	Male	African American	HiSeq2000	SAGE	42.838	0.00084	0.003346	306	102.448	0.0797822	28
Sample-029	G66919	LCSET-5036	3	Female	White	HiSeq2000	SAGE	37.991	0	0.004225	350	51.352	0.0063459	29
Sample-030	G66919	LCSET-5036	3	Female	White	HiSeq2000	SAGE	41.915	0	0.006372	343	51.447	0.0062628	30
Sample-031	G66919	LCSET-5036	4	Female	White	HiSeq2000	SAGE	29.59	5e-05	0.003185	349	49.159	0.0072309	31
Sample-032	G66919	LCSET-5036	3	Male	White	HiSeq2000	SAGE	41.162	0	0.004409	357	69.452	0.0065066	32
Sample-033	G66919	LCSET-5036	3	Male	White	HiSeq2000	SAGE	38.967	0	0.006092	349	54.969	0.0067975	33
Sample-034	G66919	LCSET-5036	3	Female	African American	HiSeq2000	SAGE	42.21	0	0.004669	326	87.066	0.0623353	34
Sample-035	G66919	LCSET-5036	3	Male	White	HiSeq2000	SAGE	45.684	0	0.005471	319	54.292	0.0033122	35
Sample-036	G66919	LCSET-5036	3	Male	White	HiSeq2000	SAGE	38.96	0	0.006079	370	66.496	0.0065722	36
Sample-037	G66919	LCSET-5036	3	Male	White	HiSeq2000	SAGE	45.971	0	0.007016	333	60.004	0.0036907	37
Sample-038	G66919	LCSET-5036	3	Male	White	HiSeq2000	SAGE	42.633	0	0.006221	348	60.675	0.0064857	38
Sample-039	G66919	LCSET-5036	3	Female	White	HiSeq2000	SAGE	43.66	0	0.005077	346	101.59	0.0816756	39
Sample-040	G66919	LCSET-5036	3	Female	White	HiSeq2000	SAGE	37.658	0	0.010292	362	100.187	0.0747702	40
Sample-041	G66919	LCSET-5036	3	Female	White	HiSeq2000	SAGE	47.721	0	0.007447	349	94.971	0.0579347	41
Sample-042	G66919	LCSET-5036	3	Female	White	HiSeq2000	SAGE	42.958	0	0.005814	355	62.186	0.0065314	42
Sample-043	G66919	LCSET-5036	3	Female	White	HiSeq2000	SAGE	46.277	0	0.004644	342	92.605	0.0675562	43
Sample-044	G66919	LCSET-5036	3	Male	African American	HiSeq2000	SAGE	28.289	0	0.005621	335	104.284	0.1171828	44
Sample-045	G66919	LCSET-5036	3	Male	White	HiSeq2000	SAGE	39.061	0.00011	0.004333	347	68.8	0.0060698	45
Sample-046	G66919	LCSET-5036	3	Female	White	HiSeq2000	SAGE	40.458	0	0.010201	368	71.933	0.0063232	46
Sample-047	G66919	LCSET-5036	3	Male	White	HiSeq2000	SAGE	45.456	0	0.005106	344	75.022	0.0057716	47
Sample-048	G66919	LCSET-5036	3	Female	White	HiSeq2000	SAGE	41.601	0	0.004218	332	86.289	0.0523021	48
Sample-049	G66919	LCSET-5036	3	Male	White	HiSeq2000	SAGE	39.683	0	0.004534	350	67.229	0.0064848	49
Sample-050	G66919	LCSET-5036	3	Female	White	HiSeq2000	SAGE	36.684	0	0.004652	370	76.042	0.0058622	50
Sample-051	G66919	LCSET-5036	3	Female	African American	HiSeq2000	SAGE	40.357	0	0.007179	361	72.628	0.0059967	51
Sample-052	G66919	LCSET-5036	3	Female	White	HiSeq2000	SAGE	41.519	0	0.012731	354	95.915	0.05555	52
Sample-053	G66919	LCSET-5036	3	Male	White	HiSeq2000	SAGE	36.491	0	0.007309	359	36.87	0.0071995	53
Sample-054	G66919	LCSET-5036	3	Female	White	HiSeq2000	SAGE	39.6	0	0.005895	350	79.484	0.0060223	54
Sample-055	G66919	LCSET-5036	3	Male	White	HiSeq2000	SAGE	41.172	0	0.0058	350	92.201	0.0591821	55
Sample-056	G66919	LCSET-5036	3	Male	Unknown	HiSeq2000	SAGE	45.751	0	0.010387	353	102.901	0.0607349	56
Sample-057	G66919	LCSET-5036	3	Male	White	HiSeq2000	SAGE	25.781	0.00079	0.010556	353	63.87	0.0080805	57
Sample-058	G66919	LCSET-5036	3	Male	White	HiSeq2000	SAGE	48.275	0	0.004957	341	91.894	0.07782	58
Sample-059	G66919	LCSET-5036	3	Male	White	HiSeq2000	SAGE	44.509	0	0.007085	346	100.408	0.0914635	59
Sample-060	G66919	LCSET-5036	3	Male	White	HiSeq2000	SAGE	43.279	0	0.00547	351	58.246	0.0063423	60
Sample-061	G66919	LCSET-5036	3	Female	White	HiSeq2000	SAGE	41.541	0	0.003774	342	74.12	0.0062642	61
Sample-062	G66919	LCSET-5036	3	Male	White	HiSeq2000	SAGE	27.038	0	0.01134	361	103.503	0.0883221	62
Sample-063	G66919	LCSET-5036	3	Male	White	HiSeq2000	SAGE	41.436	0.00093	0.004351	324	60.907	0.0049205	63
Sample-064	G66919	LCSET-5036	3	Female	White	HiSeq2000	SAGE	46.653	0	0.007354	334	59.262	0.0054094	64
Sample-065	G66919	LCSET-5036	3	Female	White	HiSeq2000	SAGE	42.316	0	0.010831	340	82.022	0.0158913	65
Sample-066	G66919	LCSET-5036	3	Female	White	HiSeq2000	SAGE	38.554	0	0.006323	351	72.307	0.0058574	66
Sample-067	G66919	LCSET-5036	3	Male	White	HiSeq2000	SAGE	37.891	0	0.006078	336	65.177	0.0057302	67
Sample-068	G66919	LCSET-5036	3	Female	African American	HiSeq2000	SAGE	41.382	0	0.004841	338	73.178	0.0052342	68
Sample-069	G67881	LCSET-5226	2	Male	African American	HiSeqX	SAGE	37.878	0.01785	0.00354	410	119.857	1.2531245	69
Sample-070	G67881	LCSET-5226	5	Male	White	HiSeqX	SAGE	36.991	0	0.003804	366	100.214	0.0909111	70
Sample-071	G67881	LCSET-5270	4	Male	White	HiSeqX	SAGE	37.556	0	0.004655	389	112.538	0.0593301	71
Sample-072	G67881	LCSET-5270	4	Male	White	HiSeqX	SAGE	34.328	0	0.005249	395	107.505	0.0568216	72
Sample-073	G67881	LCSET-5270	3	Male	White	HiSeqX	SAGE	36.738	0	0.006054	365	112.319	0.0723879	73
Sample-074	G67881	LCSET-5270	3	Female	White	HiSeqX	SAGE	34.606	0	0.004135	390	119.745	0.0547851	74
Sample-075	G67881	LCSET-5270	3	Male	White	HiSeqX	SAGE	34.382	0	0.005466	327	115.351	0.0719986	75
Sample-076	G67881	LCSET-5270	3	Female	White	HiSeqX	SAGE	37.748	3e-05	0.009037	375	102.842	0.0620619	76
Sample-077	G67881	LCSET-5270	3	Female	African American	HiSeqX	SAGE	38.641	0	0.007327	416	106.882	0.0448763	77
Sample-078	G67881	LCSET-5270	3	Male	African American	HiSeqX	SAGE	36.117	0	0.010537	366	116.732	0.0639964	78
Sample-079	G67881	LCSET-5270	3	Female	White	HiSeqX	SAGE	36.83	4e-05	0.004701	364	100.706	0.0670204	79
Sample-080	G67881	LCSET-5270	3	Male	White	HiSeqX	SAGE	34.367	0	0.004118	364	105.559	0.0777279	80
Sample-081	G67881	LCSET-5270	3	Male	White	HiSeqX	SAGE	35.5	0	0.00432	369	112.696	0.0665756	81
Sample-082	G67881	LCSET-5270	3	Male	White	HiSeqX	SAGE	35.338	0	0.005585	386	114.217	0.0638124	82
Sample-083	G67881	LCSET-5270	4	Male	White	HiSeqX	SAGE	35.613	0	0.008241	377	112.331	0.0779697	83
Sample-084	G67881	LCSET-5270	3	Female	White	HiSeqX	SAGE	34.24	0	0.007136	384	109.11	0.0578687	84
Sample-085	G67881	LCSET-5270	3	Female	White	HiSeqX	SAGE	34.691	0.00059	0.0047	302	117.758	0.0646784	85
Sample-086	G67881	LCSET-5270	3	Male	White	HiSeqX	SAGE	36.658	0	0.00588	368	108.68	0.0688306	86
Sample-087	G67881	LCSET-5270	3	Female	White	HiSeqX	SAGE	37.552	0	0.00688	331	110.571	0.0685354	87
Sample-088	G67881	LCSET-5380	4	Female	White	HiSeqX	SAGE	43.464	0.00013	0.004936	286	109.461	0.0843025	88
Sample-089	G67881	LCSET-5380	4	Male	White	HiSeqX	SAGE	46.265	0.00073	0.005924	348	86.627	0.0559026	89
Sample-090	G67881	LCSET-5380	3	Male	White	HiSeqX	SAGE	40.943	0	0.005662	324	100.995	0.0973559	90
Sample-091	G67881	LCSET-5431	4	Male	White	HiSeqX	SAGE	42.999	3e-05	0.005863	311	118.174	0.0677509	91
Sample-092	G67881	LCSET-5431	3	Male	White	HiSeqX	SAGE	32.842	0.00189	0.000821	146	18.8	0.0063031	92
Sample-093	G67881	LCSET-5431	2	Male	White	HiSeqX	SAGE	45.715	7e-05	0.004987	227	106.551	0.0972549	93
Sample-094	G67881	LCSET-5432	6	Female	White	HiSeqX	SAGE	36.622	7e-05	0.00794	377	108.18	0.0644104	94
Sample-095	G67881	LCSET-5432	6	Male	White	HiSeqX	SAGE	37.891	0.00022	0.00398	382	104.745	0.0633489	95
Sample-096	G67881	LCSET-5432	6	Female	White	HiSeqX	SAGE	35.311	0	0.004627	382	112.883	0.0606647	96
Sample-097	G67881	LCSET-5432	5	Male	White	HiSeqX	SAGE	34.582	7e-05	0.003604	338	84.728	0.0540854	97
Sample-098	G67881	LCSET-5432	4	Male	White	HiSeqX	SAGE	52.686	0.00082	0.001911	201	114.727	0.1121624	98
Sample-099	G67881	LCSET-5432	6	Male	White	HiSeqX	SAGE	36.747	0.00011	0.003978	377	114.138	0.0709072	99
Sample-100	G67881	LCSET-5432	5	Male	White	HiSeqX	SAGE	39.249	1e-05	0.006003	375	110.731	0.0720039	100
Sample-101	G67881	LCSET-5433	5	Male	African American	HiSeqX	SAGE	36.695	3e-05	0.004266	358	99.289	0.0838335	101
Sample-102	G67881	LCSET-5433	5	Male	White	HiSeqX	SAGE	35.486	0	0.005531	387	106.573	0.0574434	102
Sample-103	G67881	LCSET-5433	7	Male	White	HiSeqX	SAGE	34.772	0	0.006239	409	103.316	0.0480409	103
Sample-104	G67881	LCSET-5433	5	Male	White	HiSeqX	SAGE	37.549	0	0.003334	374	97.349	0.0639198	104
Sample-105	G67881	LCSET-5433	5	Female	White	HiSeqX	SAGE	37.335	0.00018	0.006616	363	103.022	0.076062	105
Sample-106	G67881	LCSET-5433	5	Male	White	HiSeqX	SAGE	39.723	0	0.004162	375	87.551	0.0267144	106
Sample-107	G67881	LCSET-5433	5	Female	White	HiSeqX	SAGE	34.17	1e-04	0.00427	295	118.119	0.0687084	107
Sample-108	G67881	LCSET-5433	5	Male	White	HiSeqX	SAGE	34.15	2e-05	0.006171	381	109.672	0.0699593	108
Sample-109	G67881	LCSET-5433	5	Male	African American	HiSeqX	SAGE	38.632	7e-05	0.005286	387	110.297	0.0600589	109
Sample-110	G67881	LCSET-5434	10	Male	African American	HiSeqX	SAGE	33.462	8e-05	0.004331	351	112.154	0.0726923	110
Sample-111	G67881	LCSET-5434	6	Male	White	HiSeqX	SAGE	33.588	6e-05	0.003463	327	119.142	0.0728402	111
Sample-112	G67881	LCSET-5434	6	Male	White	HiSeqX	SAGE	34.215	0.00045	0.006192	381	113.341	0.0675756	112
Sample-113	G67881	LCSET-5434	5	Male	White	HiSeqX	SAGE	34.625	0.00011	0.00377	282	120.678	0.0800993	113
Sample-114	G67881	LCSET-5434	6	Male	White	HiSeqX	SAGE	33.801	0	0.003677	354	106.326	0.0875788	114
Sample-115	G67881	LCSET-5434	5	Female	African American	HiSeqX	SAGE	36.248	1e-04	0.004236	363	110.678	0.0700795	115
Sample-116	G67881	LCSET-5434	5	Female	White	HiSeqX	SAGE	33.788	0.00016	0.003679	333	120.908	0.0624457	116
Sample-117	G67881	LCSET-5434	6	Female	White	HiSeqX	SAGE	34.571	0	0.00748	375	110.692	0.0666034	117
Sample-118	G67881	LCSET-5434	5	Male	White	HiSeqX	SAGE	33.758	0.00363	0.002954	262	120.766	0.0823017	118
Sample-119	G67881	LCSET-5434	6	Male	White	HiSeqX	SAGE	34.065	0	0.003931	386	112.852	0.0639383	119
Sample-120	G67881	LCSET-5434	5	Female	African American	HiSeqX	SAGE	35.687	0	0.003664	389	105.073	0.0547069	120
Sample-121	G67881	LCSET-5434	5	Female	White	HiSeqX	SAGE	35.753	2e-05	0.003196	263	120.82	0.0755566	121
Sample-122	G67881	LCSET-5434	5	Male	African American	HiSeqX	SAGE	33.978	0	0.00282	384	116.044	0.0670381	122
Sample-123	G67881	LCSET-5434	6	Male	White	HiSeqX	SAGE	33.35	0.0033	0.004918	376	109.619	0.0701621	123
Sample-124	G67881	LCSET-5434	5	Male	White	HiSeqX	SAGE	33.784	8e-05	0.004071	237	109.205	0.0919674	124
Sample-125	G67881	LCSET-5435	5	Male	White	HiSeqX	SAGE	34.577	0	0.009254	390	119.114	0.0594488	125
Sample-126	G67881	LCSET-5435	4	Male	White	HiSeqX	SAGE	33.641	0	0.006901	369	106.692	0.07114	126
Sample-127	G67881	LCSET-5435	8	Male	African American	HiSeqX	SAGE	33.41	0	0.003743	395	109.992	0.0547597	127
Sample-128	G67881	LCSET-5435	3	Female	White	HiSeqX	SAGE	36.779	0.00226	0.013593	386	108.78	0.0531674	128
Sample-129	G67881	LCSET-5435	3	Male	White	HiSeqX	SAGE	33.384	0	0.004641	370	110.094	0.0722644	129
Sample-130	G67881	LCSET-5435	3	Male	African American	HiSeqX	SAGE	36.018	0	0.003659	373	106.474	0.0739709	130
Sample-131	G67881	LCSET-5435	3	Male	White	HiSeqX	SAGE	36.165	0	0.004486	336	117.751	0.0724496	131
Sample-132	G67881	LCSET-5435	5	Male	White	HiSeqX	SAGE	34.435	0	0.004623	358	112.405	0.0755025	132
Sample-133	G67881	LCSET-5435	3	Male	White	HiSeqX	SAGE	38.765	3e-05	0.003974	368	112.449	0.0682442	133
Sample-134	G67881	LCSET-5435	3	Female	African American	HiSeqX	SAGE	37.198	0	0.003634	377	111.162	0.0637622	134
Sample-135	G67881	LCSET-5435	3	Male	White	HiSeqX	SAGE	33.934	0	0.006514	335	118.711	0.0617431	135
Sample-136	G67881	LCSET-5435	5	Male	African American	HiSeqX	SAGE	35.026	0	0.008812	336	119.214	0.0697905	136
Sample-137	G67881	LCSET-5435	3	Female	White	HiSeqX	SAGE	34.196	0	0.006096	376	115.329	0.0621116	137
Sample-138	G67881	LCSET-5435	3	Male	White	HiSeqX	SAGE	34.194	0	0.007287	301	115.688	0.0677594	138
Sample-139	G67881	LCSET-5435	3	Male	White	HiSeqX	SAGE	33.842	0.00041	0.004178	317	112.892	0.0719321	139
Sample-140	G67881	LCSET-5435	5	Male	White	HiSeqX	SAGE	35.099	0	0.006126	380	114.567	0.0631761	140
Sample-141	G67881	LCSET-5436	6	Male	White	HiSeqX	SAGE	34.847	0	0.005914	392	114.031	0.057464	141
Sample-142	G67881	LCSET-5436	4	Male	White	HiSeqX	SAGE	36.615	6e-05	0.004462	390	100.62	0.0529578	142
Sample-143	G67881	LCSET-5436	4	Female	White	HiSeqX	SAGE	34.332	0.01296	0.004883	353	92.059	0.0757572	143
Sample-144	G67881	LCSET-5436	4	Female	White	HiSeqX	SAGE	33.858	0	0.00685	370	104.399	0.0701303	144
Sample-145	G67881	LCSET-5436	4	Female	Asian	HiSeqX	SAGE	36.322	0	0.002645	398	114.976	0.0544446	145
Sample-146	G67881	LCSET-5436	4	Male	White	HiSeqX	SAGE	34.463	0	0.004354	374	107.576	0.0667199	146
Sample-147	G67881	LCSET-5436	5	Male	White	HiSeqX	SAGE	34.059	0	0.005015	369	118.455	0.0616063	147
Sample-148	G67881	LCSET-5436	6	Female	White	HiSeqX	SAGE	34.489	0	0.008678	411	118.014	0.0486922	148
Sample-149	G67881	LCSET-5436	4	Male	African American	HiSeqX	SAGE	34.168	0	0.003365	361	108.111	0.0876183	149
Sample-150	G67881	LCSET-5436	4	Male	White	HiSeqX	SAGE	37.5	0.00023	0.003421	378	106.365	0.0704111	150
Sample-151	G67881	LCSET-5436	4	Male	African American	HiSeqX	SAGE	35.602	0	0.00406	368	95.515	0.0676375	151
Sample-152	G67881	LCSET-5436	6	Female	African American	HiSeqX	SAGE	33.832	0.02524	0.005713	356	105.346	0.0802066	152
Sample-153	G67881	LCSET-5436	4	Male	White	HiSeqX	SAGE	35.867	0	0.003497	391	106.24	0.0557576	153
Sample-154	G67881	LCSET-5436	4	Male	White	HiSeqX	SAGE	33.97	4e-05	0.006202	387	108.647	0.0590025	154
Sample-155	G67881	LCSET-5436	4	Male	White	HiSeqX	SAGE	33.658	0	0.005541	397	118.826	0.0667896	155
Sample-156	G72990	LCSET-5895	10	Male	White	HiSeqX	SAGE	42.653	0	0.004052	436	103.752	0.0475617	156
Sample-157	G72990	LCSET-5895	9	Male	Asian	HiSeqX	SAGE	43.22	0	0.003753	431	110.722	0.0470313	157
Sample-158	G72990	LCSET-5895	10	Male	White	HiSeqX	SAGE	44.943	0	0.003899	432	102.945	0.0398454	158
Sample-159	G72990	LCSET-5895	10	Female	White	HiSeqX	SAGE	40.093	0	0.002882	317	126.127	0.0701834	159
Sample-160	G72990	LCSET-5895	9	Male	White	HiSeqX	SAGE	40.873	0	0.003735	422	97.01	0.041021	160
Sample-161	G72990	LCSET-5895	9	Female	White	HiSeqX	SAGE	38.085	2e-05	0.003616	291	131.605	0.0798873	161
Sample-162	G72990	LCSET-5895	9	Male	White	HiSeqX	SAGE	43.987	0	0.003781	427	99.211	0.0389156	162
Sample-163	G72990	LCSET-5895	10	Male	White	HiSeqX	SAGE	40.473	0	0.003023	285	111.453	0.083605	163
Sample-164	G76371	LCSET-6032	1	NA	NA	HiSeqX	SAGE	31.742	0	0.009374	433	91.901	0.0044259	164
Sample-165	G76371	LCSET-6032	1	NA	NA	HiSeqX	SAGE	28.817	0	0.008761	421	90.16	0.0118439	165
Sample-166	G76371	LCSET-6032	1	NA	NA	HiSeqX	SAGE	28.349	0	0.009904	409	109.053	0.0545949	166
Sample-167	G76371	LCSET-6032	1	NA	NA	HiSeqX	SAGE	28.253	0	0.005752	293	111.532	0.0771596	167
Sample-168	G76371	LCSET-6032	1	NA	NA	HiSeqX	SAGE	28.316	0	0.007283	411	113.754	0.0556072	168
Sample-169	G76371	LCSET-6032	1	NA	NA	HiSeqX	SAGE	28.335	0	0.006224	384	105.402	0.0594167	169
Sample-170	G76371	LCSET-6032	1	NA	NA	HiSeqX	SAGE	32.261	0	0.008973	403	97.435	0.0382502	170
Sample-171	G76371	LCSET-6032	1	NA	NA	HiSeqX	SAGE	31.444	0	0.007038	414	104.079	0.0474493	171
Sample-172	G76371	LCSET-6032	1	NA	NA	HiSeqX	SAGE	28.503	0.00031	0.0093	391	117.613	0.0622785	172
Sample-173	G76371	LCSET-6032	1	NA	NA	HiSeqX	SAGE	28.124	0	0.006888	406	107.726	0.0524373	173
Sample-174	G76371	LCSET-6032	1	NA	NA	HiSeqX	SAGE	28.615	0.0085	0.008618	425	115.551	0.0564873	174
Sample-175	G76371	LCSET-6032	1	NA	NA	HiSeqX	SAGE	30.638	0	0.008183	378	116.011	0.0615935	175
Sample-176	G76371	LCSET-6032	1	NA	NA	HiSeqX	SAGE	27.759	0	0.009277	404	104.654	0.0433363	176
Sample-177	G76371	LCSET-6032	1	NA	NA	HiSeqX	SAGE	26.456	0.00473	0.006599	412	111.498	0.0552412	177
Sample-178	G76371	LCSET-6032	1	NA	NA	HiSeqX	SAGE	31.058	0	0.00744	411	96.894	0.0333477	178
Sample-179	G76371	LCSET-6032	1	NA	NA	HiSeqX	SAGE	32.527	0	0.008917	429	99.411	0.0374357	179
Sample-180	G76371	LCSET-6032	1	NA	NA	HiSeqX	SAGE	28.891	0.00816	0.010499	431	103.227	0.0386804	180
Sample-181	G76371	LCSET-6032	1	NA	NA	HiSeqX	SAGE	26.655	0	0.009341	395	100.073	0.0487378	181
Sample-182	G76371	LCSET-6032	1	NA	NA	HiSeqX	SAGE	33.487	0	0.01026	477	97.786	0.0040389	182
Sample-183	G76371	LCSET-6032	1	NA	NA	HiSeqX	SAGE	28.1	0.00599	0.008412	405	107.712	0.0463967	183
Sample-184	G76371	LCSET-6032	1	NA	NA	HiSeqX	SAGE	26.534	0	0.008814	411	97.282	0.0285253	184
Sample-185	G76371	LCSET-6032	1	NA	NA	HiSeqX	SAGE	25.435	0	0.007899	424	97.894	0.0298218	185
Sample-186	G76371	LCSET-6032	1	NA	NA	HiSeqX	SAGE	31.448	0	0.007814	433	76.654	0.0042747	186
Sample-187	G76371	LCSET-6032	1	NA	NA	HiSeqX	SAGE	32.747	0	0.008672	427	102.166	0.0375744	187
Sample-188	G76371	LCSET-6032	1	NA	NA	HiSeqX	SAGE	30.435	0	0.009418	418	67.511	0.0033621	188
Sample-189	G76371	LCSET-6032	1	NA	NA	HiSeqX	SAGE	31.592	0	0.007967	427	82.571	0.0042532	189
Sample-190	G76371	LCSET-6032	1	NA	NA	HiSeqX	SAGE	31.045	0	0.008209	398	95.158	0.0468151	190
Sample-191	G76371	LCSET-6032	1	NA	NA	HiSeqX	SAGE	26.51	0	0.004304	310	121.86	0.1545489	191
Sample-192	G76371	LCSET-6032	1	NA	NA	HiSeqX	SAGE	32.453	0	0.007454	413	105.793	0.0519344	192
Sample-193	G76371	LCSET-6032	1	NA	NA	HiSeqX	SAGE	32.081	0	0.009569	416	80.208	0.0036146	193
Sample-194	G76371	LCSET-6032	1	NA	NA	HiSeqX	SAGE	29.015	0	0.010046	402	121.127	0.2447115	194
Sample-195	G76371	LCSET-6032	1	NA	NA	HiSeqX	SAGE	28.293	0	0.010369	330	122.916	0.0679351	195
Sample-196	G76371	LCSET-6032	1	NA	NA	HiSeqX	SAGE	32.135	0	0.009917	435	96.7	0.0047713	196
Sample-197	G76371	LCSET-6032	1	NA	NA	HiSeqX	SAGE	32.308	0	0.008207	408	93.109	0.0271905	197
Sample-198	G76371	LCSET-6032	1	NA	NA	HiSeqX	SAGE	32.844	0	0.009149	426	100.496	0.0277369	198
Sample-199	G76371	LCSET-6032	1	NA	NA	HiSeqX	SAGE	30.927	0	0.008945	410	112.025	0.0513756	199
Sample-200	G76371	LCSET-6032	1	NA	NA	HiSeqX	SAGE	29.643	0	0.00472	295	116.147	0.0764375	200
Sample-201	G76371	LCSET-6032	1	NA	NA	HiSeqX	SAGE	31.422	0	0.007865	435	118.647	0.0538835	201
Sample-202	G76371	LCSET-6032	1	NA	NA	HiSeqX	SAGE	31.496	0	0.0082	424	111.388	0.0506234	202
Sample-203	G76371	LCSET-6032	1	NA	NA	HiSeqX	SAGE	29.872	0	0.011864	435	101.303	0.0390034	203
Sample-204	G76371	LCSET-6032	1	NA	NA	HiSeqX	SAGE	29.843	0	0.006794	418	70.131	0.0032515	204
Sample-205	G76371	LCSET-6032	1	NA	NA	HiSeqX	SAGE	33.685	0	0.007969	401	93.658	0.0366336	205
Sample-206	G76371	LCSET-6032	1	NA	NA	HiSeqX	SAGE	25.759	0	0.007008	299	124.537	1.4496234	206
Sample-207	G76371	LCSET-6032	1	NA	NA	HiSeqX	SAGE	31.48	0	0.009238	422	92.918	0.0171788	207
Sample-208	G76371	LCSET-6032	1	NA	NA	HiSeqX	SAGE	31.97	0.00022	0.007513	425	95.661	0.0183155	208
Sample-209	G76371	LCSET-6032	1	NA	NA	HiSeqX	SAGE	25.883	0	0.008286	425	114.314	1.6969802	209
Sample-210	G76371	LCSET-6032	1	NA	NA	HiSeqX	SAGE	26.98	0	0.005609	290	114.559	0.0648965	210
Sample-211	G76371	LCSET-6032	1	Male	White	HiSeqX	SAGE	30.608	0	0.006043	421	86.237	0.0033822	211
Sample-212	G76371	LCSET-6032	1	Male	White	HiSeqX	SAGE	28.119	0	0.008471	408	101.816	0.0472979	212
Sample-213	G76371	LCSET-6032	1	Male	White	HiSeqX	SAGE	32.451	0.00206	0.008626	412	108.725	0.0479636	213
Sample-214	G76371	LCSET-6032	1	Female	African American	HiSeqX	SAGE	28.546	0	0.006314	398	110.029	0.0552452	214
Sample-215	G76371	LCSET-6032	1	Male	White	HiSeqX	SAGE	30.397	0	0.007321	410	115.386	0.0577384	215
Sample-216	G76371	LCSET-6032	1	Female	African American	HiSeqX	SAGE	29.972	0	0.007008	381	105.656	0.0646647	216
Sample-217	G76371	LCSET-6032	1	Female	White	HiSeqX	SAGE	30.641	0	0.005958	351	118.095	0.0643941	217
Sample-218	G76371	LCSET-6032	1	Female	White	HiSeqX	SAGE	28.829	0	0.004077	301	116.272	0.0739706	218
Sample-219	G76371	LCSET-6032	1	Male	White	HiSeqX	SAGE	26.571	0	0.005526	432	116.61	0.0582857	219
Sample-220	G76371	LCSET-6032	1	Male	White	HiSeqX	SAGE	31.039	0	0.005802	395	108.446	0.0610014	220
Sample-221	G76371	LCSET-6032	1	Female	White	HiSeqX	SAGE	27.95	0	0.00761	345	120.29	0.0569787	221
Sample-222	G76371	LCSET-6032	1	Male	White	HiSeqX	SAGE	30.934	0	0.008979	413	108.072	0.0446063	222
Sample-223	G76371	LCSET-6032	1	Male	White	HiSeqX	SAGE	32.1	0	0.022478	414	73.26	0.0037158	223
Sample-224	G76371	LCSET-6032	1	Male	White	HiSeqX	SAGE	31.183	0	0.009276	479	127.785	0.0488924	224
Sample-225	G76371	LCSET-6032	1	Male	White	HiSeqX	SAGE	31.303	0	0.008091	440	112.351	0.0451961	225
Sample-226	G76371	LCSET-6032	1	Male	White	HiSeqX	SAGE	31.32	0	0.008063	408	104.131	0.0476886	226
Sample-227	G76371	LCSET-6032	1	Male	White	HiSeqX	SAGE	28.03	0	0.006356	430	75.759	0.0043467	227
Sample-228	G76371	LCSET-6032	1	Female	White	HiSeqX	SAGE	28.605	0	0.006642	394	109.881	0.0575178	228
Sample-229	G76371	LCSET-6032	1	Male	White	HiSeqX	SAGE	30.663	0	0.009575	423	92.357	0.009687	229
Sample-230	G76371	LCSET-6032	1	Male	White	HiSeqX	SAGE	30.416	0	0.006245	420	109.6	0.0530946	230
Sample-231	G76371	LCSET-6032	1	Male	White	HiSeqX	SAGE	27.291	0	0.007812	429	96.175	0.0186527	231
Sample-232	G76371	LCSET-6032	1	Male	White	HiSeqX	SAGE	30.223	0	0.006259	407	105.08	0.403391	232
Sample-233	G76371	LCSET-6032	1	Male	White	HiSeqX	SAGE	24.448	0	0.006221	404	117.716	0.0621586	233
Sample-234	G76371	LCSET-6032	1	Male	White	HiSeqX	SAGE	28.161	0	0.012589	413	109.15	0.0538688	234
Sample-235	G76371	LCSET-6032	1	Male	White	HiSeqX	SAGE	30.554	0	0.008519	436	117.708	0.0573813	235
Sample-236	G76371	LCSET-6032	1	Female	White	HiSeqX	SAGE	28.648	0	0.006165	419	89.627	0.0034981	236
Sample-237	G76371	LCSET-6032	1	Male	White	HiSeqX	SAGE	32.102	0	0.008754	441	102.864	0.0334452	237
Sample-238	G76371	LCSET-6032	1	Male	White	HiSeqX	SAGE	31.027	0	0.009533	436	82.213	0.0041744	238
Sample-239	G76371	LCSET-6032	1	Male	White	HiSeqX	SAGE	26.929	0	0.007403	427	91.009	0.0146537	239
Sample-240	G76371	LCSET-6032	1	Female	White	HiSeqX	SAGE	29.528	0	0.014464	414	77.5	0.0029668	240
Sample-241	G76371	LCSET-6032	1	Male	White	HiSeqX	SAGE	28.423	0	0.009773	396	116.52	0.0689561	241
Sample-242	G76371	LCSET-6032	1	Male	White	HiSeqX	SAGE	32.067	0	0.00658	414	98.309	0.0387004	242
Sample-243	G76371	LCSET-6032	1	Female	White	HiSeqX	SAGE	29.031	0.00585	0.008745	427	107.998	0.0442629	243
Sample-244	G76371	LCSET-6032	1	Female	White	HiSeqX	SAGE	32.55	0	0.010822	441	69.475	0.004489	244
Sample-245	G76371	LCSET-6032	1	Female	White	HiSeqX	SAGE	32.293	0	0.008207	475	125.801	0.0454318	245
Sample-246	G76371	LCSET-6032	1	Male	White	HiSeqX	SAGE	34.207	0	0.008305	427	65.012	0.0033298	246
Sample-247	G76371	LCSET-6032	1	Female	White	HiSeqX	SAGE	29.92	0.00188	0.005802	420	117.471	0.0511551	247
Sample-248	G77324	LCSET-6056	1	Female	African American	HiSeqX	SAGE	27.669	0	0.004887	402	101.529	0.0515946	248
Sample-249	G77324	LCSET-6056	1	Male	White	HiSeqX	SAGE	30.33	0	0.006616	423	73.297	0.003413	249
Sample-250	G77324	LCSET-6056	1	Male	White	HiSeqX	SAGE	31.236	0	0.005914	400	93.432	0.0439681	250
Sample-251	G77324	LCSET-6056	1	Male	White	HiSeqX	SAGE	32.575	0	0.006417	423	48.062	0.0031991	251
Sample-252	G77324	LCSET-6056	1	Male	White	HiSeqX	SAGE	31.129	0.00331	0.005302	424	92.599	0.0191351	252
Sample-253	G77324	LCSET-6056	1	Female	White	HiSeqX	SAGE	30.89	0	0.007463	405	94.532	0.0441137	253
Sample-254	G77324	LCSET-6056	1	Female	White	HiSeqX	SAGE	32.941	0	0.005061	425	78.156	0.0032942	254
Sample-255	G77324	LCSET-6056	1	Female	White	HiSeqX	SAGE	32.983	0	0.005202	412	96.497	0.047255	255
Sample-256	G77324	LCSET-6056	1	Male	White	HiSeqX	SAGE	32.573	0	0.005253	423	53.136	0.0035234	256
Sample-257	G77324	LCSET-6056	1	Male	White	HiSeqX	SAGE	31.962	0	0.005749	438	104.899	0.0431141	257
Sample-258	G77324	LCSET-6056	1	Male	White	HiSeqX	SAGE	34.815	0	0.008903	427	83.332	0.0043587	258
Sample-259	G77324	LCSET-6056	1	Male	White	HiSeqX	SAGE	32.996	0	0.007781	393	76.777	0.004457	259
Sample-260	G77324	LCSET-6056	1	Male	White	HiSeqX	SAGE	23.68	0	0.004587	397	108.14	3.0991667	260
Sample-261	G77324	LCSET-6056	1	Female	White	HiSeqX	SAGE	29.506	0	0.007997	416	109.19	0.0482345	261
Sample-262	G77324	LCSET-6056	3	Male	White	HiSeqX	SAGE	45.909	9e-05	0.00739	424	79.183	0.0052864	262
Sample-263	G77324	LCSET-6056	1	Male	White	HiSeqX	SAGE	35.996	0	0.007057	403	82.44	0.0035895	263
Sample-264	G77324	LCSET-6056	1	Female	White	HiSeqX	SAGE	26.477	0	0.007298	419	82.127	0.0034262	264
Sample-265	G77324	LCSET-6056	1	Female	White	HiSeqX	SAGE	28.051	0	0.006493	423	77.744	0.0039917	265
Sample-266	G77324	LCSET-6056	1	Male	White	HiSeqX	SAGE	32.667	0	0.007271	423	106.548	0.0489168	266
Sample-267	G77324	LCSET-6056	1	Male	White	HiSeqX	SAGE	30.622	0	0.007723	399	67.939	0.0043386	267
Sample-268	G77324	LCSET-6056	1	Male	White	HiSeqX	SAGE	31.401	0	0.006764	416	52.606	0.0034887	268
Sample-269	G77324	LCSET-6056	1	Female	White	HiSeqX	SAGE	33.792	0	0.006923	429	82.175	0.003546	269
Sample-270	G77324	LCSET-6056	1	Female	White	HiSeqX	SAGE	33.122	0	0.00703	438	58.352	0.0030858	270
Sample-271	G77324	LCSET-6056	1	Male	White	HiSeqX	SAGE	30.437	0	0.006696	446	64.519	0.0044114	271
Sample-272	G77324	LCSET-6056	1	Male	White	HiSeqX	SAGE	34.009	0	0.004926	450	71.789	0.0043681	272
Sample-273	G77324	LCSET-6056	1	Male	African American	HiSeqX	SAGE	30.764	0	0.004861	412	76.992	0.0034052	273
Sample-274	G77324	LCSET-6056	1	Male	African American	HiSeqX	SAGE	28.922	0	0.007899	414	78.224	0.0035745	274
Sample-275	G77324	LCSET-6056	1	Male	White	HiSeqX	SAGE	30.883	0	0.006751	443	82.512	0.0039211	275
Sample-276	G77324	LCSET-6056	1	Male	African American	HiSeqX	SAGE	31.969	0	0.009082	433	70.777	0.0029529	276
Sample-277	G77324	LCSET-6056	1	Male	White	HiSeqX	SAGE	31.328	0	0.006408	447	92.047	0.0094612	277
Sample-278	G77324	LCSET-6056	1	Female	White	HiSeqX	SAGE	29.041	0	0.006311	423	61.238	0.0035515	278
Sample-279	G77324	LCSET-6056	1	Male	White	HiSeqX	SAGE	34.071	0	0.004647	431	60.044	0.003524	279
Sample-280	G77324	LCSET-6056	1	Female	African American	HiSeqX	SAGE	31.333	0.0143	0.006579	441	82.098	0.0047186	280
Sample-281	G77324	LCSET-6056	1	Male	White	HiSeqX	SAGE	31.455	0	0.006797	418	74.194	0.0034647	281
Sample-282	G77324	LCSET-6056	1	Female	White	HiSeqX	SAGE	29.632	0	0.005782	432	81.33	0.0038064	282
Sample-283	G77324	LCSET-6056	1	Male	African American	HiSeqX	SAGE	27.622	0	0.007853	434	78.397	0.0050765	283
Sample-284	G77324	LCSET-6056	1	Male	White	HiSeqX	SAGE	30.181	0	0.005168	439	104.93	0.0448251	284
Sample-285	G77324	LCSET-6056	1	Female	White	HiSeqX	SAGE	31.843	0	0.005513	432	79.86	0.003757	285
Sample-286	G77324	LCSET-6056	1	Female	White	HiSeqX	SAGE	31.278	0	0.006267	418	74.775	0.0032132	286
Sample-287	G77324	LCSET-6056	1	Female	White	HiSeqX	SAGE	32.266	0	0.006276	423	80.584	0.0032917	287
Sample-288	G77324	LCSET-6056	1	Male	White	HiSeqX	SAGE	27.917	0	0.00706	429	85.894	0.0039908	288
Sample-289	G77324	LCSET-6056	1	Female	White	HiSeqX	SAGE	27.686	0	0.004648	360	110.931	0.0697114	289
Sample-290	G77324	LCSET-6056	1	Male	African American	HiSeqX	SAGE	30.189	0	0.00547	427	87.903	0.0107832	290
Sample-291	G77324	LCSET-6056	1	Male	White	HiSeqX	SAGE	30.295	0	0.004899	434	105.685	0.0461072	291
Sample-292	G77324	LCSET-6056	1	Female	White	HiSeqX	SAGE	30.082	0.00053	0.003708	411	78.528	0.0032861	292
Sample-293	G77324	LCSET-6056	1	Male	African American	HiSeqX	SAGE	29.197	0	0.003208	405	96.561	0.0474112	293
Sample-294	G77324	LCSET-6056	1	Male	White	HiSeqX	SAGE	31.058	0	0.004334	389	99.564	0.0537303	294
Sample-295	G77324	LCSET-6056	1	Male	White	HiSeqX	SAGE	32.508	0.00533	0.004285	419	94.173	0.0360728	295
Sample-296	G77324	LCSET-6056	1	Female	White	HiSeqX	SAGE	28.048	0	0.00477	390	103.246	0.0517084	296
Sample-297	G77324	LCSET-6056	1	Female	African American	HiSeqX	SAGE	31.071	0	0.004995	396	94.427	0.0422172	297
Sample-298	G77324	LCSET-6056	1	Female	White	HiSeqX	SAGE	32.534	0	0.008058	422	95.816	0.0305174	298
Sample-299	G77324	LCSET-6056	1	Female	White	HiSeqX	SAGE	29.171	0	0.007207	399	101.31	0.0485475	299
Sample-300	G77324	LCSET-6056	1	Female	White	HiSeqX	SAGE	32.48	0	0.005532	416	109.1	0.0475432	300
Sample-301	G77324	LCSET-6056	1	Male	White	HiSeqX	SAGE	29.435	0	0.007019	425	83.618	0.0040831	301
Sample-302	G77324	LCSET-6056	1	Female	White	HiSeqX	SAGE	32.49	0	0.004056	427	74.224	0.0034468	302
Sample-303	G77324	LCSET-6056	1	Male	African American	HiSeqX	SAGE	32.799	0	0.004774	419	85.872	0.0106572	303
Sample-304	G77324	LCSET-6056	1	Male	White	HiSeqX	SAGE	28.124	0	0.00453	339	114.436	0.065453	304
Sample-305	G77324	LCSET-6056	1	Male	White	HiSeqX	SAGE	28.794	0	0.004036	415	102.247	0.0461247	305
Sample-306	G77324	LCSET-6056	1	Female	White	HiSeqX	SAGE	31.471	0	0.004774	422	64.457	0.0035997	306
Sample-307	G77324	LCSET-6056	1	Male	White	HiSeqX	SAGE	29.969	0	0.005969	418	103.75	0.0453942	307
Sample-308	G77324	LCSET-6056	1	Male	White	HiSeqX	SAGE	33.107	0	0.006407	436	64.639	0.0036109	308
Sample-309	G77324	LCSET-6056	1	Male	African American	HiSeqX	SAGE	31.962	0	0.006042	439	85.536	0.004552	309
Sample-310	G77324	LCSET-6056	1	Male	White	HiSeqX	SAGE	31.342	0	0.005666	439	68.528	0.0042257	310
Sample-311	G77324	LCSET-6056	1	Female	White	HiSeqX	SAGE	26.091	0	0.005729	410	101.435	0.0457105	311
Sample-312	G77324	LCSET-6056	1	Female	White	HiSeqX	SAGE	31.447	0	0.004954	437	76.341	0.0033709	312
Sample-313	G77324	LCSET-6056	1	Male	African American	HiSeqX	SAGE	29.826	0	0.00592	327	120.885	0.06158	313
Sample-314	G77324	LCSET-6056	1	Female	White	HiSeqX	SAGE	34.533	0	0.005953	416	53.515	0.0028738	314
Sample-315	G77324	LCSET-6056	1	Male	White	HiSeqX	SAGE	32.161	0	0.005346	447	60.149	0.0044068	315
Sample-316	G77324	LCSET-6056	1	Male	African American	HiSeqX	SAGE	34.611	0	0.004835	426	79.394	0.0035866	316
Sample-317	G77324	LCSET-6056	1	Female	White	HiSeqX	SAGE	29.548	0	0.005167	430	85.111	0.0075838	317
Sample-318	G77324	LCSET-6056	1	Female	White	HiSeqX	SAGE	31.129	0	0.005174	394	76.927	0.0039426	318
Sample-319	G77324	LCSET-6056	1	Female	White	HiSeqX	SAGE	32.652	0	0.005529	419	74.685	0.0030908	319
Sample-320	G77324	LCSET-6056	1	Male	African American	HiSeqX	SAGE	28.739	0	0.005904	427	96.519	0.0351424	320
Sample-321	G77324	LCSET-6056	1	Male	White	HiSeqX	SAGE	34.261	0	0.004327	427	78.537	0.0033314	321
Sample-322	G77324	LCSET-6056	1	Female	White	HiSeqX	SAGE	29.777	0	0.004365	435	73.602	0.0045867	322
Sample-323	G77324	LCSET-6056	1	Male	White	HiSeqX	SAGE	24.986	0	0.006785	418	66.102	0.0033706	323
Sample-324	G77324	LCSET-6056	1	Female	White	HiSeqX	SAGE	35.491	0	0.005628	419	84.557	0.0033777	324
Sample-325	G77324	LCSET-6056	1	Male	White	HiSeqX	SAGE	32.337	0	0.008549	422	81.464	0.0050335	325
Sample-326	G77324	LCSET-6056	1	Male	African American	HiSeqX	SAGE	32.374	0	0.005727	421	61.835	0.0032676	326
Sample-327	G77324	LCSET-6056	1	Male	African American	HiSeqX	SAGE	33.45	0	0.006113	415	102.73	0.0454973	327
Sample-328	G77324	LCSET-6056	1	Male	White	HiSeqX	SAGE	31.012	0	0.00551	429	92.258	0.0099424	328
Sample-329	G77324	LCSET-6056	1	Female	White	HiSeqX	SAGE	31.625	0	0.005878	425	70.041	0.0031369	329
Sample-330	G77324	LCSET-6056	1	Male	White	HiSeqX	SAGE	30.936	0	0.004645	422	104.134	0.0447271	330
Sample-331	G77324	LCSET-6056	1	Female	White	HiSeqX	SAGE	32.304	0	0.004801	422	63.487	0.0038361	331
Sample-332	G77324	LCSET-6056	1	Male	Asian	HiSeqX	SAGE	30.945	0	0.004654	427	59.182	0.0033752	332
Sample-333	G77324	LCSET-6056	1	Female	White	HiSeqX	SAGE	29.973	0	0.005338	424	80.101	0.003277	333
Sample-334	G77324	LCSET-6056	1	Female	White	HiSeqX	SAGE	25.835	0	0.004667	428	77.971	0.0038985	334
Sample-335	G77324	LCSET-6056	1	Male	White	HiSeqX	SAGE	31.031	0	0.005253	417	91.703	0.0378905	335
Sample-336	G77324	LCSET-6056	1	Male	White	HiSeqX	SAGE	32.417	0	0.004943	411	82.635	0.0031803	336
Sample-337	G77324	LCSET-6056	1	Female	White	HiSeqX	SAGE	29.405	0.00482	0.005778	435	109.529	0.0446777	337
Sample-338	G77360	LCSET-6066	1	Female	African American	HiSeqX	SAGE	30.572	0	0.006559	409	60.825	0.003343	338
Sample-339	G77360	LCSET-6066	1	Male	White	HiSeqX	SAGE	30.067	0	0.005617	428	102.574	0.4706025	339
Sample-340	G77360	LCSET-6066	1	Male	White	HiSeqX	SAGE	32.584	0	0.007152	395	100.184	0.0555966	340
Sample-341	G77360	LCSET-6066	2	Male	White	HiSeqX	SAGE	42.435	0	0.006738	392	76.57	0.0067739	341
Sample-342	G77360	LCSET-6066	6	Female	White	HiSeqX	SAGE	35.356	0.00017	0.006439	405	114.379	0.0609192	342
Sample-343	G77360	LCSET-6066	1	Female	White	HiSeqX	SAGE	30.123	0	0.005831	428	58.126	0.0041445	343
Sample-344	G77360	LCSET-6066	1	Male	White	HiSeqX	SAGE	34.23	0	0.007565	416	92.172	0.0091885	344
Sample-345	G77360	LCSET-6066	1	Male	White	HiSeqX	SAGE	31.379	0	0.006974	414	102.821	0.0446037	345
Sample-346	G77360	LCSET-6066	1	Male	White	HiSeqX	SAGE	32.581	0	0.00537	421	65.082	0.0034782	346
Sample-347	G77360	LCSET-6066	1	Female	White	HiSeqX	SAGE	31.455	0	0.008246	437	56.528	0.0038168	347
Sample-348	G77360	LCSET-6066	1	Male	White	HiSeqX	SAGE	32.779	0	0.005306	421	83.82	0.0039153	348
Sample-349	G77360	LCSET-6066	1	Male	White	HiSeqX	SAGE	26.623	0	0.005408	417	41.197	0.0032078	349
Sample-350	G77360	LCSET-6066	1	Male	White	HiSeqX	SAGE	32.736	0	0.004859	412	61.629	0.0032362	350
Sample-351	G77360	LCSET-6066	1	Male	White	HiSeqX	SAGE	27.816	0	0.005941	412	76.812	0.0033948	351
Sample-352	G77360	LCSET-6066	1	Male	White	HiSeqX	SAGE	29.398	0	0.005951	339	118.421	0.0609335	352
Sample-353	G77360	LCSET-6066	1	Male	White	HiSeqX	SAGE	32.526	0	0.006868	398	83.82	0.0051416	353
Sample-354	G77360	LCSET-6066	1	Male	White	HiSeqX	SAGE	28.52	0	0.007501	414	52.832	0.0035198	354
Sample-355	G77360	LCSET-6066	1	Male	White	HiSeqX	SAGE	33.168	0	0.005374	409	94.313	0.0400367	355
Sample-356	G77360	LCSET-6066	1	Male	White	HiSeqX	SAGE	30.849	0	0.006877	418	98.75	0.0422931	356
Sample-357	G77360	LCSET-6066	1	Female	White	HiSeqX	SAGE	34.069	0	0.008224	442	83.529	0.004193	357
Sample-358	G77360	LCSET-6066	2	Male	White	HiSeqX	SAGE	40.68	0	0.006273	400	98.579	0.0322792	358
Sample-359	G77360	LCSET-6066	1	Male	African American	HiSeqX	SAGE	32.179	0	0.006182	416	79.675	0.0028553	359
Sample-360	G77360	LCSET-6066	1	Male	White	HiSeqX	SAGE	34.392	0	0.006986	412	85.551	0.0039442	360
Sample-361	G77360	LCSET-6066	1	Male	African American	HiSeqX	SAGE	30.333	0	0.006441	401	97.689	0.051104	361
Sample-362	G77360	LCSET-6066	1	Male	White	HiSeqX	SAGE	33.469	0	0.008269	424	79.375	0.0038277	362
Sample-363	G77360	LCSET-6066	1	Female	White	HiSeqX	SAGE	33.432	0	0.005693	400	97.654	0.0458918	363
Sample-364	G77360	LCSET-6066	1	Female	White	HiSeqX	SAGE	30.578	0	0.00698	427	74.849	0.0035913	364
Sample-365	G77360	LCSET-6066	1	Male	White	HiSeqX	SAGE	32.213	0	0.006417	418	73.149	0.0031608	365
Sample-366	G77360	LCSET-6066	1	Male	African American	HiSeqX	SAGE	32.72	0	0.003569	387	120.174	0.0649141	366
Sample-367	G77360	LCSET-6066	1	Male	White	HiSeqX	SAGE	30.11	0	0.00682	450	88.886	0.0049498	367
Sample-368	G77360	LCSET-6066	1	Male	White	HiSeqX	SAGE	25.356	0	0.008984	362	116.812	0.1856472	368
Sample-369	G77360	LCSET-6066	1	Female	African American	HiSeqX	SAGE	33.063	0	0.004773	408	102.701	0.0437014	369
Sample-370	G77360	LCSET-6066	1	Male	White	HiSeqX	SAGE	30.933	0	0.005286	423	80.906	0.0036641	370
Sample-371	G77360	LCSET-6066	1	Female	African American	HiSeqX	SAGE	32.429	0	0.005382	403	92.881	0.0338139	371
Sample-372	G77360	LCSET-6066	1	Male	White	HiSeqX	SAGE	29.69	0	0.005974	430	104.555	0.0439988	372
Sample-373	G77360	LCSET-6066	1	Male	African American	HiSeqX	SAGE	32.2	0	0.005712	415	88.901	0.0049077	373
Sample-374	G77360	LCSET-6066	1	Male	White	HiSeqX	SAGE	25.997	0	0.006926	404	82.275	0.127447	374
Sample-375	G77360	LCSET-6066	3	Male	White	HiSeqX	SAGE	28.999	0	0.003726	402	121.87	4.1166186	375
Sample-376	G77360	LCSET-6066	1	Female	White	HiSeqX	SAGE	31.004	0	0.008675	381	119.168	0.0604463	376
Sample-377	G77360	LCSET-6066	1	Male	Asian	HiSeqX	SAGE	33.098	0	0.00571	419	87.38	0.0040709	377
Sample-378	G77360	LCSET-6066	1	Male	White	HiSeqX	SAGE	30.43	0	0.007107	440	44.657	0.0043356	378
Sample-379	G77360	LCSET-6066	1	Male	White	HiSeqX	SAGE	33.59	0	0.005479	412	100.554	0.0393996	379
Sample-380	G77360	LCSET-6066	1	Male	White	HiSeqX	SAGE	31.555	0	0.005893	427	99.771	0.0386366	380
Sample-381	G77360	LCSET-6066	1	Female	White	HiSeqX	SAGE	30.747	0	0.006447	439	85.762	0.0048763	381
Sample-382	G77360	LCSET-6066	2	Male	White	HiSeqX	SAGE	34.995	0	0.006391	426	88.212	0.0168787	382
Sample-383	G77360	LCSET-6066	1	Male	White	HiSeqX	SAGE	34.102	0	0.006509	385	65.558	0.0046984	383
Sample-384	G77360	LCSET-6066	1	Male	Not Reported	HiSeqX	SAGE	34.278	0	0.00626	400	78.512	0.0052065	384
Sample-385	G77360	LCSET-6066	1	Male	White	HiSeqX	SAGE	33.847	0	0.006744	417	78.823	0.0032836	385
Sample-386	G77360	LCSET-6066	1	Male	White	HiSeqX	SAGE	31.948	0	0.00563	410	61.212	0.0036137	386
Sample-387	G77360	LCSET-6066	1	Female	African American	HiSeqX	SAGE	29.079	0	0.0079	444	68.224	0.0045563	387
Sample-388	G77360	LCSET-6066	1	Female	White	HiSeqX	SAGE	26.044	0	0.007181	404	71.864	0.0031326	388
Sample-389	G77360	LCSET-6066	1	Male	White	HiSeqX	SAGE	34.196	0.02564	0.005871	414	70.03	0.0035782	389
Sample-390	G77360	LCSET-6066	1	Male	White	HiSeqX	SAGE	34.466	0	0.004787	417	54.08	0.0031523	390
Sample-391	G77360	LCSET-6066	1	Male	White	HiSeqX	SAGE	25.664	0	0.006159	413	61.817	0.0032922	391
Sample-392	G77360	LCSET-6066	1	Male	White	HiSeqX	SAGE	34.002	0	0.007479	412	82.189	0.0036569	392
Sample-393	G77360	LCSET-6066	2	Male	White	HiSeqX	SAGE	37.739	0	0.00615	395	69.634	0.0062755	393
Sample-394	G77360	LCSET-6066	1	Male	White	HiSeqX	SAGE	33.67	0	0.00762	400	69.207	0.0031892	394
Sample-395	G77360	LCSET-6066	1	Female	White	HiSeqX	SAGE	31.969	0	0.006152	427	110.964	0.0436147	395
Sample-396	G77360	LCSET-6066	1	Female	White	HiSeqX	SAGE	29.707	0	0.002918	426	58.528	0.0033801	396
Sample-397	G77360	LCSET-6066	1	Female	White	HiSeqX	SAGE	31.731	0	0.00485	407	53.357	0.0036257	397
Sample-398	G77360	LCSET-6066	1	Female	White	HiSeqX	SAGE	32.042	0	0.005983	422	75.001	0.0034896	398
Sample-399	G77360	LCSET-6066	1	Male	White	HiSeqX	SAGE	32.608	0	0.005079	413	97.567	0.0362404	399
Sample-400	G77360	LCSET-6066	1	Male	White	HiSeqX	SAGE	32.583	0	0.008711	432	74.113	0.0040006	400
Sample-401	G77360	LCSET-6066	1	Male	White	HiSeqX	SAGE	28.62	0	0.008115	399	71.647	0.0039776	401
Sample-402	G77360	LCSET-6066	1	Female	White	HiSeqX	SAGE	31.517	0	0.007162	427	102.619	0.0382127	402
Sample-403	G77360	LCSET-6066	1	Male	White	HiSeqX	SAGE	31.803	0	0.007021	411	68.806	0.0035003	403
Sample-404	G77360	LCSET-6066	1	Male	White	HiSeqX	SAGE	31.431	0	0.005263	419	71.996	0.0033927	404
Sample-405	G77360	LCSET-6066	1	Female	African American	HiSeqX	SAGE	33.538	0	0.007519	414	72.975	0.0031551	405
Sample-406	G77360	LCSET-6066	1	Female	White	HiSeqX	SAGE	26.387	0	0.008438	417	104.656	0.0433954	406
Sample-407	G77360	LCSET-6066	1	Female	African American	HiSeqX	SAGE	32.444	0	0.007599	430	60.319	0.0037879	407
Sample-408	G77360	LCSET-6066	1	Male	White	HiSeqX	SAGE	29.573	8e-05	0.007686	417	102.239	0.043639	408
Sample-409	G77360	LCSET-6066	1	Female	White	HiSeqX	SAGE	29.671	0	0.008231	413	57.474	0.0033045	409
Sample-410	G77360	LCSET-6066	1	Male	White	HiSeqX	SAGE	33.514	0	0.009244	414	66.924	0.0029637	410
Sample-411	G77360	LCSET-6066	1	Male	White	HiSeqX	SAGE	28.891	0.00572	0.007846	407	109.015	0.05017	411
Sample-412	G77360	LCSET-6066	1	Female	White	HiSeqX	SAGE	29.673	0	0.00524	421	94.728	0.0278408	412
Sample-413	G77360	LCSET-6066	1	Male	White	HiSeqX	SAGE	26.238	0	0.005615	421	106.473	0.0515986	413
Sample-414	G77360	LCSET-6066	1	Female	White	HiSeqX	SAGE	33.169	0	0.007746	414	77.636	0.0027937	414
Sample-415	G77360	LCSET-6066	1	Male	White	HiSeqX	SAGE	34.656	0	0.00771	386	63.917	0.0052762	415
Sample-416	G77360	LCSET-6066	1	Male	White	HiSeqX	SAGE	25.353	0	0.007917	430	57.213	0.0038337	416
Sample-417	G77360	LCSET-6066	1	Male	White	HiSeqX	SAGE	31.16	0	0.007025	418	78.484	0.0035919	417
Sample-418	G77360	LCSET-6066	1	Male	White	HiSeqX	SAGE	31.805	0	0.007694	423	98.699	0.0379452	418
Sample-419	G76371	LCSET-6235	1	NA	NA	HiSeqX	SAGE	29.245	0	0.008363	408	114.595	0.0540822	419
Sample-420	G76371	LCSET-6235	1	NA	NA	HiSeqX	SAGE	31.05	0	0.006647	381	101.385	0.0589966	420
Sample-421	G76371	LCSET-6235	1	NA	NA	HiSeqX	SAGE	30.381	0	0.00862	401	107.288	0.0586441	421
Sample-422	G76371	LCSET-6235	1	NA	NA	HiSeqX	SAGE	26.307	0	0.007767	421	101.348	0.0485729	422
Sample-423	G76371	LCSET-6235	1	NA	NA	HiSeqX	SAGE	30.808	0	0.008871	396	100.935	0.049437	423
Sample-424	G76371	LCSET-6235	1	Male	White	HiSeqX	SAGE	25.706	0	0.013574	358	114.498	0.0698427	424
Sample-425	G76371	LCSET-6235	1	Male	White	HiSeqX	SAGE	32.246	0	0.006352	394	107.881	0.0549328	425
Sample-426	G76371	LCSET-6235	1	Female	African American	HiSeqX	SAGE	28.812	0	0.006457	411	106.171	0.1645624	426
Sample-427	G76371	LCSET-6235	1	Male	White	HiSeqX	SAGE	31.173	0	0.008112	392	100.009	0.0525785	427
Sample-428	G77360	LCSET-6235	1	Male	White	HiSeqX	SAGE	31.73	0	0.008035	414	64.177	0.0033331	428
Sample-429	G77360	LCSET-6235	1	Male	White	HiSeqX	SAGE	30.651	0	0.006016	388	101.766	0.0570238	429
Sample-430	G77360	LCSET-6235	1	Male	White	HiSeqX	SAGE	33.434	0	0.007744	414	61.896	0.0037279	430
Sample-431	G77360	LCSET-6235	1	Female	White	HiSeqX	SAGE	26.634	0	0.005675	422	86.088	0.0033929	431
Sample-432	G77360	LCSET-6235	6	Male	White	HiSeqX	SAGE	32.838	0.00031	0.003944	403	122.584	4.952262	432
Sample-433	G77360	LCSET-6235	1	Female	White	HiSeqX	SAGE	31.096	8e-05	0.006063	382	98.188	0.0558503	433
Sample-434	G77360	LCSET-6235	1	Female	White	HiSeqX	SAGE	30.494	0	0.008441	408	100.671	0.038123	434
Sample-435	G77360	LCSET-6235	1	Female	White	HiSeqX	SAGE	29.63	0	0.007088	394	60.654	0.0034758	435
Sample-436	G77360	LCSET-6235	1	Male	White	HiSeqX	SAGE	28.186	0	0.00721	414	103.816	0.0416206	436
Sample-437	G77360	LCSET-6235	1	Female	White	HiSeqX	SAGE	28.496	0	0.005707	417	95.692	0.0256497	437
Sample-438	G77360	LCSET-6235	1	Female	White	HiSeqX	SAGE	32.289	0	0.006836	409	94.418	0.0360339	438
Sample-439	G77324	LCSET-6242	2	Male	African American	HiSeqX	SAGE	33.184	0.01483	0.006317	399	112.196	0.063557	439
Sample-440	G77324	LCSET-6242	2	Male	African American	HiSeqX	SAGE	37.597	0	0.007408	427	104.175	0.0419685	440
Sample-441	G77324	LCSET-6242	2	Male	White	HiSeqX	SAGE	39.238	0.00014	0.007541	393	72.308	0.0040245	441
Sample-442	G77324	LCSET-6242	2	Male	White	HiSeqX	SAGE	34.215	0	0.007713	415	76.664	0.0036964	442
Sample-443	G77324	LCSET-6242	9	Female	White	HiSeqX	SAGE	43.317	0	0.009915	428	95.62	0.0409333	443
Sample-444	G77360	LCSET-6302	2	Female	White	HiSeqX	SAGE	36.855	0	0.006412	406	83.874	0.0104994	444
Sample-445	G80551	LCSET-6341	1	Male	Asian	HiSeqX	SAGE	25.716	0	0.005914	389	110.584	0.0879443	445
Sample-446	G80551	LCSET-6341	1	Female	White	HiSeqX	SAGE	28.981	0	0.010893	393	87.848	0.0146142	446
Sample-447	G80551	LCSET-6341	1	Male	White	HiSeqX	SAGE	29.64	0	0.005165	296	111.823	0.0598358	447
Sample-448	G80551	LCSET-6341	1	Male	White	HiSeqX	SAGE	24.798	0	0.021764	426	122.185	1.6666036	448
Sample-449	G80551	LCSET-6341	1	Male	White	HiSeqX	SAGE	32.476	0	0.01412	412	104.76	0.0665451	449
Sample-450	G80551	LCSET-6341	1	Male	White	HiSeqX	SAGE	29.001	0	0.007465	431	105.955	0.0596043	450
Sample-451	G80551	LCSET-6341	1	Male	White	HiSeqX	SAGE	29.969	0	0.004513	384	106.403	0.0550452	451
Sample-452	G80551	LCSET-6341	1	Female	White	HiSeqX	SAGE	25.99	0	0.007026	396	110.59	0.0651915	452
Sample-453	G80551	LCSET-6341	1	Male	White	HiSeqX	SAGE	31.867	0	0.007038	390	75.459	0.0051568	453
Sample-454	G80551	LCSET-6341	1	Female	White	HiSeqX	SAGE	35.229	0	0.006222	417	79.654	0.0039868	454
Sample-455	G80551	LCSET-6341	1	Female	White	HiSeqX	SAGE	36.188	0	0.011214	441	74.241	0.0058131	455
Sample-456	G80551	LCSET-6341	1	Female	White	HiSeqX	SAGE	33.489	0	0.006308	392	91.914	0.0311856	456
Sample-457	G80551	LCSET-6341	1	Male	White	HiSeqX	SAGE	30.443	0	0.007424	428	83.905	0.0039338	457
Sample-458	G80551	LCSET-6341	1	Male	African American	HiSeqX	SAGE	31.659	0	0.00511	386	101.879	0.0602327	458
Sample-459	G80551	LCSET-6341	1	Male	White	HiSeqX	SAGE	28.843	0	0.007396	397	104.387	0.0757935	459
Sample-460	G80551	LCSET-6341	1	Female	White	HiSeqX	SAGE	31.205	0	0.007322	404	81.906	0.0039197	460
Sample-461	G80551	LCSET-6341	2	Male	African American	HiSeqX	SAGE	60.141	0	0.006889	400	108.398	0.0778518	461
Sample-462	G80551	LCSET-6341	1	Female	White	HiSeqX	SAGE	31.461	0	0.006493	412	92.85	0.0355261	462
Sample-463	G80551	LCSET-6341	2	Female	White	HiSeqX	SAGE	54.572	0	0.006141	394	108.159	0.055126	463
Sample-464	G80551	LCSET-6341	1	Male	White	HiSeqX	SAGE	29.694	0	0.008091	402	97.535	0.0394369	464
Sample-465	G80551	LCSET-6341	2	Male	White	HiSeqX	SAGE	36.457	0	0.006761	405	99.545	0.0578908	465
Sample-466	G80551	LCSET-6341	1	Male	Unknown	HiSeqX	SAGE	34.061	0	0.007295	397	90.185	0.0272923	466
Sample-467	G80551	LCSET-6341	1	Female	White	HiSeqX	SAGE	31.832	0	0.007398	419	100.552	0.0481747	467
Sample-468	G80551	LCSET-6341	1	Male	White	HiSeqX	SAGE	31.166	0	0.005243	363	112.34	0.0917988	468
Sample-469	G80551	LCSET-6341	1	Female	White	HiSeqX	SAGE	33.939	0	0.005935	419	97.056	0.0202467	469
Sample-470	G80551	LCSET-6341	1	Male	Not Reported	HiSeqX	SAGE	30.436	0	0.007558	398	75.927	0.004921	470
Sample-471	G80551	LCSET-6341	2	Male	White	HiSeqX	SAGE	61.107	0	0.007698	404	105.695	0.0549137	471
Sample-472	G80551	LCSET-6341	1	Female	White	HiSeqX	SAGE	31.248	0	0.00764	408	98.621	0.036906	472
Sample-473	G80551	LCSET-6341	1	Male	African American	HiSeqX	SAGE	29.466	0	0.012128	413	109.847	0.0492658	473
Sample-474	G80551	LCSET-6341	1	Male	African American	HiSeqX	SAGE	32.53	0	0.009618	408	96.558	0.050853	474
Sample-475	G80551	LCSET-6341	1	Male	White	HiSeqX	SAGE	31.025	0	0.007178	419	105.175	0.0633952	475
Sample-476	G80551	LCSET-6341	1	Female	White	HiSeqX	SAGE	29.549	0	0.007429	419	114.309	0.0613616	476
Sample-477	G80551	LCSET-6341	1	Male	African American	HiSeqX	SAGE	29.349	0	0.007203	408	71.236	0.004456	477
Sample-478	G80551	LCSET-6341	2	Male	White	HiSeqX	SAGE	56.467	0	0.007024	409	86.832	0.0053067	478
Sample-479	G80551	LCSET-6341	1	Male	White	HiSeqX	SAGE	30.122	0	0.005169	416	113.535	0.0500135	479
Sample-480	G80551	LCSET-6341	1	Female	White	HiSeqX	SAGE	29.7	0	0.006638	398	105.168	0.0603864	480
Sample-481	G80551	LCSET-6341	1	Male	White	HiSeqX	SAGE	30.512	0	0.007731	421	81.312	0.0043074	481
Sample-482	G80551	LCSET-6341	2	Male	White	HiSeqX	SAGE	58.253	0	0.010046	423	95.995	0.0191727	482
Sample-483	G80551	LCSET-6341	1	Male	White	HiSeqX	SAGE	29.109	0	0.008239	401	91.068	0.0230154	483
Sample-484	G80551	LCSET-6341	1	Female	Asian	HiSeqX	SAGE	30.996	0	0.008142	409	111.413	0.0625661	484
Sample-485	G80551	LCSET-6341	2	Male	African American	HiSeqX	SAGE	60.246	0.00027	0.008927	414	77.225	0.0038816	485
Sample-486	G80551	LCSET-6341	1	Male	White	HiSeqX	SAGE	30.564	0	0.006064	402	107.34	0.0490994	486
Sample-487	G80551	LCSET-6341	1	Male	White	HiSeqX	SAGE	30.926	0	0.008556	430	92.249	0.0145308	487
Sample-488	G80551	LCSET-6341	1	Female	White	HiSeqX	SAGE	27.911	0	0.008823	403	93.035	0.0285218	488
Sample-489	G80551	LCSET-6341	1	Female	White	HiSeqX	SAGE	32.546	0	0.010776	408	70.87	0.0035358	489
Sample-490	G80551	LCSET-6341	1	Female	White	HiSeqX	SAGE	34.364	0	0.006938	387	92.117	0.0466276	490
Sample-491	G80551	LCSET-6341	1	Male	White	HiSeqX	SAGE	28.369	0	0.005977	402	100.321	0.0436115	491
Sample-492	G80551	LCSET-6341	1	Male	White	HiSeqX	SAGE	28.743	0	0.006374	320	115.496	0.0582911	492
Sample-493	G80551	LCSET-6341	1	Male	White	HiSeqX	SAGE	31.796	0	0.005449	402	106.059	0.0475194	493
Sample-494	G80551	LCSET-6341	1	Male	White	HiSeqX	SAGE	30.936	0	0.005683	402	101.84	0.049256	494
Sample-495	G80551	LCSET-6341	1	Female	White	HiSeqX	SAGE	30.154	0	0.006961	406	62.142	0.0034246	495
Sample-496	G80551	LCSET-6341	1	Male	White	HiSeqX	SAGE	31.542	0	0.005937	423	87.716	0.0082415	496
Sample-497	G80551	LCSET-6341	1	Male	African American	HiSeqX	SAGE	30.149	0	0.00857	410	70.705	0.0041309	497
Sample-498	G80551	LCSET-6341	1	Male	White	HiSeqX	SAGE	31.923	0	0.007933	372	114.708	0.0828016	498
Sample-499	G80551	LCSET-6341	1	Male	White	HiSeqX	SAGE	34.883	0	0.006909	416	80.715	0.004492	499
Sample-500	G80551	LCSET-6341	1	Male	White	HiSeqX	SAGE	27.822	0	0.005548	311	114.677	0.0576653	500
Sample-501	G80551	LCSET-6341	1	Male	White	HiSeqX	SAGE	28.453	0	0.009055	404	77.95	0.0043026	501
Sample-502	G80551	LCSET-6341	1	Female	White	HiSeqX	SAGE	30.098	0	0.00808	415	65.982	0.003495	502
Sample-503	G80551	LCSET-6341	1	Male	White	HiSeqX	SAGE	32.607	0	0.007887	408	78.999	0.0044027	503
Sample-504	G80551	LCSET-6341	1	Male	White	HiSeqX	SAGE	30.141	0	0.00559	302	113.528	0.0672384	504
Sample-505	G80551	LCSET-6341	1	NA	NA	HiSeqX	SAGE	31.475	0	0.007133	402	101.451	0.05917	505
Sample-506	G80551	LCSET-6341	1	NA	NA	HiSeqX	SAGE	30.628	0	0.004726	341	111.963	0.05291	506
Sample-507	G80551	LCSET-6341	1	NA	NA	HiSeqX	SAGE	26.684	0	0.00552	405	86.824	0.0061548	507
Sample-508	G80551	LCSET-6341	1	NA	NA	HiSeqX	SAGE	30.319	0	0.007133	341	110.088	0.0836797	508
Sample-509	G80551	LCSET-6341	1	NA	NA	HiSeqX	SAGE	28.996	0	0.010348	400	70.001	0.004094	509
Sample-510	G80551	LCSET-6341	1	NA	NA	HiSeqX	SAGE	31.226	0	0.008593	409	107.888	0.0552968	510
Sample-511	G80551	LCSET-6341	1	NA	NA	HiSeqX	SAGE	30.858	0	0.005404	400	106.773	0.0536525	511
Sample-512	G80551	LCSET-6341	1	NA	NA	HiSeqX	SAGE	35.258	0	0.00594	405	97.893	0.0445893	512
Sample-513	G80551	LCSET-6341	1	NA	NA	HiSeqX	SAGE	30.805	0	0.006752	425	101.99	0.0353051	513
Sample-514	G80551	LCSET-6341	1	NA	NA	HiSeqX	SAGE	30.206	0	0.006036	391	97.588	0.0629645	514
Sample-515	G80551	LCSET-6341	1	Female	White	HiSeqX	SAGE	31.646	0	0.00585	419	60.536	0.0030027	515
Sample-516	G80551	LCSET-6341	1	Female	White	HiSeqX	SAGE	34.079	0	0.004409	399	101.465	0.041614	516
Sample-517	G80551	LCSET-6341	1	Male	White	HiSeqX	SAGE	34.34	0	0.00418	359	110.383	0.0589838	517
Sample-518	G80551	LCSET-6341	1	Male	White	HiSeqX	SAGE	31.257	0	0.004656	423	86.448	0.0031001	518
Sample-519	G80551	LCSET-6341	1	Male	White	HiSeqX	SAGE	36.594	0	0.006239	415	67.667	0.002915	519
Sample-520	G80551	LCSET-6341	1	Male	White	HiSeqX	SAGE	31.783	0	0.005796	420	99.213	0.0334225	520
Sample-521	G80551	LCSET-6341	1	Female	White	HiSeqX	SAGE	30.815	0	0.004342	406	131.336	1.3667895	521
Sample-522	G80551	LCSET-6341	1	Male	White	HiSeqX	SAGE	32.466	0	0.004982	412	79.377	0.0027479	522
Sample-523	G80551	LCSET-6341	1	Female	White	HiSeqX	SAGE	29.315	0	0.003798	294	113.521	0.0973994	523
Sample-524	G80551	LCSET-6341	1	Female	White	HiSeqX	SAGE	30.721	0	0.004072	390	91.494	0.0295945	524
Sample-525	G80551	LCSET-6341	1	Female	White	HiSeqX	SAGE	28.512	0	0.00506	316	114.302	0.0587304	525
Sample-526	G80551	LCSET-6341	1	Male	White	HiSeqX	SAGE	30.179	0	0.005309	388	99.899	0.0524748	526
Sample-527	G80551	LCSET-6341	1	Female	White	HiSeqX	SAGE	28.161	0	0.006995	400	103.689	0.0589134	527
Sample-528	G80551	LCSET-6341	1	Male	African American	HiSeqX	SAGE	35.097	0	0.007942	426	73.061	0.0050924	528
Sample-529	G80551	LCSET-6341	1	Female	White	HiSeqX	SAGE	29.109	0	0.006832	321	111.321	0.0589606	529
Sample-530	G76371	LCSET-6345	1	NA	NA	HiSeqX	SAGE	29.57	3e-05	0.007514	392	114.038	0.0521881	530
Sample-531	G80551	LCSET-6363	1	NA	NA	HiSeqX	SAGE	30.581	0	0.007116	395	102.331	0.0518194	531
Sample-532	G80551	LCSET-6363	1	NA	NA	HiSeqX	SAGE	30.706	0	0.005837	402	102.674	0.0465651	532
Sample-533	G80551	LCSET-6363	1	NA	NA	HiSeqX	SAGE	29.443	0	0.006223	441	103.35	0.0379416	533
Sample-534	G80551	LCSET-6363	1	NA	NA	HiSeqX	SAGE	30.977	0	0.00449	440	81.352	0.0032819	534
Sample-535	G80551	LCSET-6363	1	NA	NA	HiSeqX	SAGE	32.961	0	0.008608	400	79.132	0.0032185	535
Sample-536	G80551	LCSET-6363	1	NA	NA	HiSeqX	SAGE	31.547	0	0.005707	285	110.424	0.0622071	536
Sample-537	G80551	LCSET-6363	1	NA	NA	HiSeqX	SAGE	31.446	0	0.005658	392	106.756	0.0525894	537
Sample-538	G80551	LCSET-6363	1	NA	NA	HiSeqX	SAGE	32.065	0	0.006414	399	113.279	0.0548775	538
Sample-539	G80551	LCSET-6363	1	NA	NA	HiSeqX	SAGE	32.401	0	0.005665	427	101.815	0.036456	539
Sample-540	G80551	LCSET-6363	1	NA	NA	HiSeqX	SAGE	32.316	0	0.007353	407	92.424	0.0189919	540
Sample-541	G80551	LCSET-6363	1	NA	NA	HiSeqX	SAGE	28.47	0	0.005843	304	114.383	0.0596363	541
Sample-542	G80551	LCSET-6363	1	NA	NA	HiSeqX	SAGE	31.476	0	0.007698	397	109.703	0.0540727	542
Sample-543	G80551	LCSET-6363	1	NA	NA	HiSeqX	SAGE	32.245	0	0.007017	412	104.029	0.0441174	543
Sample-544	G80551	LCSET-6363	1	NA	NA	HiSeqX	SAGE	31.206	0	0.005529	414	104.254	0.0409932	544
Sample-545	G80551	LCSET-6363	1	NA	NA	HiSeqX	SAGE	31.973	0	0.006569	405	105.114	0.048182	545
Sample-546	G80551	LCSET-6363	1	NA	NA	HiSeqX	SAGE	33.625	0	0.004471	436	56.851	0.0036441	546
Sample-547	G80551	LCSET-6363	1	NA	NA	HiSeqX	SAGE	31.526	0	0.005789	396	93.905	0.0415742	547
Sample-548	G80551	LCSET-6363	1	NA	NA	HiSeqX	SAGE	31.24	0	0.008006	382	108.943	0.1003982	548
Sample-549	G80551	LCSET-6363	1	NA	NA	HiSeqX	SAGE	30.851	0	0.005809	313	111.259	0.0629226	549
Sample-550	G80551	LCSET-6363	1	NA	NA	HiSeqX	SAGE	30.536	0	0.006181	308	111.221	0.0558703	550
Sample-551	G80551	LCSET-6363	1	NA	NA	HiSeqX	SAGE	33.01	0	0.005496	393	103.69	0.0517765	551
Sample-552	G80551	LCSET-6363	1	NA	NA	HiSeqX	SAGE	31.449	0	0.005589	407	104.128	0.0443665	552
Sample-553	G80551	LCSET-6363	1	NA	NA	HiSeqX	SAGE	32.68	0	0.007137	418	92.418	0.0189913	553
Sample-554	G80551	LCSET-6363	1	NA	NA	HiSeqX	SAGE	31.379	0	0.007676	420	81.308	0.0034733	554
Sample-555	G80551	LCSET-6363	1	NA	NA	HiSeqX	SAGE	33.485	0	0.004723	420	114.721	0.0547119	555
Sample-556	G80551	LCSET-6363	1	Female	White	HiSeqX	SAGE	32.615	0	0.004925	427	107.606	0.0434509	556
Sample-557	G80551	LCSET-6363	1	Male	White	HiSeqX	SAGE	32.395	0	0.001687	446	51.631	0.0037502	557
Sample-558	G80551	LCSET-6363	1	Male	White	HiSeqX	SAGE	29.925	0	0.005914	407	99.367	0.0429192	558
Sample-559	G80551	LCSET-6363	1	Male	White	HiSeqX	SAGE	28.523	0	0.005691	397	95.919	0.0440917	559
Sample-560	G80551	LCSET-6363	1	Female	White	HiSeqX	SAGE	30.393	0	0.005746	396	101.948	0.0488177	560
Sample-561	G80551	LCSET-6748	1	Male	African American	HiSeqX	SAGE	35.007	0	0.006955	401	76.696	0.0058442	561
Sample-562	G87945	LCSET-6780	1	NA	NA	HiSeqX	SAGE	33.404	0	0.009326	425	53.271	0.0048316	562
Sample-563	G87945	LCSET-6780	1	NA	NA	HiSeqX	SAGE	30.241	0	0.009996	423	109.267	0.0722962	563
Sample-564	G87945	LCSET-6780	1	NA	NA	HiSeqX	SAGE	30.543	0	0.00878	407	98.714	0.0611617	564
Sample-565	G87945	LCSET-6780	1	NA	NA	HiSeqX	SAGE	30.586	0	0.007217	426	106.133	0.0494833	565
Sample-566	G87945	LCSET-6780	1	NA	NA	HiSeqX	SAGE	30.786	0.00032	0.006647	416	101.98	0.0615668	566
Sample-567	G87945	LCSET-6780	1	NA	NA	HiSeqX	SAGE	31.867	0.00039	0.007628	307	111.588	0.0984159	567
Sample-568	G87945	LCSET-6780	1	NA	NA	HiSeqX	SAGE	29.779	0	0.005389	413	76.006	0.0036231	568
Sample-569	G87945	LCSET-6780	1	NA	NA	HiSeqX	SAGE	35.916	0	0.006219	428	85.324	0.0050032	569
Sample-570	G87945	LCSET-6780	1	NA	NA	HiSeqX	SAGE	30.389	0	0.0103	409	110.383	0.1287956	570
Sample-571	G87945	LCSET-6780	1	NA	NA	HiSeqX	SAGE	30.494	0	0.011573	401	92.829	0.0282844	571
Sample-572	G87945	LCSET-6780	1	NA	NA	HiSeqX	SAGE	31.992	0	0.007271	403	94.462	0.0404687	572
Sample-573	G87945	LCSET-6780	1	NA	NA	HiSeqX	SAGE	31.066	0	0.006758	421	111.545	0.0465248	573
Sample-574	G87945	LCSET-6780	1	NA	NA	HiSeqX	SAGE	31.501	0	0.014371	407	77.723	0.0040712	574
Sample-575	G87945	LCSET-6780	1	NA	NA	HiSeqX	SAGE	31.729	0	0.006872	294	115.853	0.092873	575
Sample-576	G87945	LCSET-6780	1	NA	NA	HiSeqX	SAGE	31.086	0	0.006391	447	96.365	0.0106724	576
Sample-577	G87945	LCSET-6780	1	NA	NA	HiSeqX	SAGE	30.374	0	0.011457	419	84.777	0.0048562	577
Sample-578	G87945	LCSET-6780	1	NA	NA	HiSeqX	SAGE	32.075	0.00012	0.006791	389	110.985	0.0917645	578
Sample-579	G87945	LCSET-6780	1	NA	NA	HiSeqX	SAGE	29.949	0	0.008905	430	86.804	0.0085836	579
Sample-580	G87945	LCSET-6780	1	NA	NA	HiSeqX	SAGE	33.062	7e-05	0.007968	308	113.079	0.0873239	580
Sample-581	G87945	LCSET-6780	1	NA	NA	HiSeqX	SAGE	31.77	0	0.007834	411	107.321	0.0672796	581
Sample-582	G87945	LCSET-6780	1	NA	NA	HiSeqX	SAGE	31.781	0	0.004557	404	112.112	0.0832473	582
Sample-583	G87945	LCSET-6780	1	NA	NA	HiSeqX	SAGE	31.242	0	0.006993	414	108.015	0.0804935	583
Sample-584	G87945	LCSET-6780	1	NA	NA	HiSeqX	SAGE	30.803	0	0.007806	419	97.825	0.0252013	584
Sample-585	G87945	LCSET-6780	1	NA	NA	HiSeqX	SAGE	30.509	0	0.017206	394	65.014	0.0044717	585
Sample-586	G87945	LCSET-6780	1	NA	NA	HiSeqX	SAGE	30.233	0	0.007356	435	111.402	0.0615931	586
Sample-587	G87945	LCSET-6780	1	NA	NA	HiSeqX	SAGE	30.1	0	0.01627	432	100.179	0.0191072	587
Sample-588	G87945	LCSET-6780	1	NA	NA	HiSeqX	SAGE	30.7	0	0.005804	411	91.68	0.0224922	588
Sample-589	G87945	LCSET-6780	1	NA	NA	HiSeqX	SAGE	32.192	8e-05	0.008115	434	78.73	0.0054452	589
Sample-590	G87945	LCSET-6780	1	NA	NA	HiSeqX	SAGE	30.904	0	0.008596	427	90.866	0.0052865	590
Sample-591	G87945	LCSET-6780	1	NA	NA	HiSeqX	SAGE	29.863	0	0.014007	410	90.334	0.0045277	591
Sample-592	G87945	LCSET-6780	1	NA	NA	HiSeqX	SAGE	30.61	0	0.010371	410	115.626	0.0828007	592
Sample-593	G87945	LCSET-6780	1	NA	NA	HiSeqX	SAGE	30.666	0	0.007002	397	96.334	0.0561219	593
Sample-594	G87945	LCSET-6780	1	NA	NA	HiSeqX	SAGE	29.644	0	0.008241	423	92.828	0.0052785	594
Sample-595	G87945	LCSET-6780	1	NA	NA	HiSeqX	SAGE	30.786	0	0.011483	412	111.584	0.0665473	595
Sample-596	G87945	LCSET-6780	1	NA	NA	HiSeqX	SAGE	30.999	0	0.00641	408	91.691	0.0236499	596
Sample-597	G87945	LCSET-6780	1	NA	NA	HiSeqX	SAGE	32.749	6e-04	0.014493	246	109.311	2.2512313	597
Sample-598	G87945	LCSET-6780	1	NA	NA	HiSeqX	SAGE	31.419	0	0.006811	292	116.511	0.0948936	598
Sample-599	G87945	LCSET-6780	1	NA	NA	HiSeqX	SAGE	30.007	0	0.006194	419	103.703	0.063891	599
Sample-600	G87945	LCSET-6780	1	NA	NA	HiSeqX	SAGE	32.325	0	0.006947	296	114.564	0.0679359	600
Sample-601	G87945	LCSET-6780	1	NA	NA	HiSeqX	SAGE	31.287	0	0.013652	297	114.603	0.0632579	601
Sample-602	G87945	LCSET-6780	1	NA	NA	HiSeqX	SAGE	36.782	3e-04	0.005249	397	104.498	0.2858169	602
Sample-603	G87945	LCSET-6780	1	NA	NA	HiSeqX	SAGE	29.712	0	0.005767	413	100.959	0.0703958	603
Sample-604	G87945	LCSET-6780	1	NA	NA	HiSeqX	SAGE	31.42	0	0.009535	417	93.835	0.0185642	604
Sample-605	G87945	LCSET-6780	1	NA	NA	HiSeqX	SAGE	31.711	0	0.009434	417	73.438	0.0049159	605
Sample-606	G87945	LCSET-6780	1	NA	NA	HiSeqX	SAGE	34.935	0	0.01462	413	83.263	0.0048028	606
Sample-607	G87945	LCSET-6780	1	NA	NA	HiSeqX	SAGE	33.404	0	0.005928	329	116.266	0.0721209	607
Sample-608	G87945	LCSET-6780	1	NA	NA	HiSeqX	SAGE	31.899	0	0.006328	420	95.869	0.0341947	608
Sample-609	G87945	LCSET-6780	1	NA	NA	HiSeqX	SAGE	31.024	0	0.018968	413	98.554	0.0590692	609
Sample-610	G87945	LCSET-6780	1	NA	NA	HiSeqX	SAGE	29.896	0	0.009433	414	94.754	0.0209416	610
Sample-611	G87945	LCSET-6780	1	NA	NA	HiSeqX	SAGE	31.741	0	0.010053	370	113.511	0.0794386	611
Sample-612	G87945	LCSET-6780	1	NA	NA	HiSeqX	SAGE	32.081	0.00032	0.025978	328	110.367	0.0838842	612
Sample-613	G87945	LCSET-6780	1	NA	NA	HiSeqX	SAGE	29.839	0	0.011462	421	94.267	0.0230035	613
Sample-614	G87945	LCSET-6780	1	NA	NA	HiSeqX	SAGE	31.746	0	0.00509	386	108.196	0.2079143	614
Sample-615	G87945	LCSET-6780	1	NA	NA	HiSeqX	SAGE	30.886	0.00027	0.00706	419	106.336	0.0584818	615
Sample-616	G87945	LCSET-6780	1	NA	NA	HiSeqX	SAGE	30.611	0.00027	0.007946	426	105.856	0.064395	616
Sample-617	G87945	LCSET-6780	1	NA	NA	HiSeqX	SAGE	32.269	0.00037	0.009469	417	108.879	0.0778108	617
Sample-618	G87945	LCSET-6780	1	NA	NA	HiSeqX	SAGE	30.599	0	0.009479	412	100.124	0.0509	618
Sample-619	G87945	LCSET-6780	1	NA	NA	HiSeqX	SAGE	34.39	0	0.005894	406	82.404	0.004044	619
Sample-620	G87945	LCSET-6780	1	NA	NA	HiSeqX	SAGE	32.204	0	0.008862	399	101.638	0.0529684	620
Sample-621	G87945	LCSET-6780	1	NA	NA	HiSeqX	SAGE	30.531	1e-04	0.006555	421	92.991	0.007652	621
Sample-622	G87945	LCSET-6780	1	NA	NA	HiSeqX	SAGE	31.847	0	0.006974	411	104.921	0.0657071	622
Sample-623	G87945	LCSET-6780	1	NA	NA	HiSeqX	SAGE	31.628	0	0.008039	396	109.118	0.0821946	623
Sample-624	G87945	LCSET-6780	1	NA	NA	HiSeqX	SAGE	30.986	0	0.005947	412	93.07	0.0179184	624
Sample-625	G87945	LCSET-6780	1	NA	NA	HiSeqX	SAGE	31.155	0	0.006424	412	110.744	0.0505558	625
Sample-626	G87945	LCSET-6780	1	NA	NA	HiSeqX	SAGE	31.041	0	0.010438	407	110.676	0.0807768	626
Sample-627	G87945	LCSET-6780	1	NA	NA	HiSeqX	SAGE	32.581	0	0.005895	403	96.555	0.0573384	627
Sample-628	G87945	LCSET-6780	1	NA	NA	HiSeqX	SAGE	32.014	0	0.008797	407	111.879	0.079888	628
Sample-629	G87945	LCSET-6780	1	NA	NA	HiSeqX	SAGE	31.856	0	0.005395	400	96.812	0.0497693	629
Sample-630	G87945	LCSET-6780	1	NA	NA	HiSeqX	SAGE	30.116	0	0.007509	421	97.508	0.0531975	630
Sample-631	G87945	LCSET-6780	1	NA	NA	HiSeqX	SAGE	30.504	0	0.008571	404	119.114	0.3887014	631
Sample-632	G87945	LCSET-6780	1	NA	NA	HiSeqX	SAGE	32.094	0	0.007488	335	113.506	0.0951276	632
Sample-633	G87945	LCSET-6780	1	NA	NA	HiSeqX	SAGE	31.978	9e-05	0.005875	410	104.677	0.061298	633
Sample-634	G87945	LCSET-6780	1	NA	NA	HiSeqX	SAGE	31.468	0	0.00732	408	78.299	0.0038505	634
Sample-635	G87945	LCSET-6780	1	NA	NA	HiSeqX	SAGE	30.35	0	0.007001	436	91.018	0.0052703	635
Sample-636	G87945	LCSET-6780	1	NA	NA	HiSeqX	SAGE	30.033	0	0.00432	402	77.482	0.004261	636
Sample-637	G87945	LCSET-6780	1	NA	NA	HiSeqX	SAGE	29.727	0	0.040562	434	77.539	0.0054248	637
Sample-638	G87945	LCSET-6780	1	NA	NA	HiSeqX	SAGE	30.39	0.00075	0.011419	423	103.461	0.0455215	638
Sample-639	G80551	LCSET-6846	4	Female	White	HiSeqX	SAGE	58.058	0	0.005924	409	122.411	2.7356238	639
Sample-640	G87945	LCSET-6880	1	NA	NA	HiSeqX	SAGE	35.723	0.00462	0.007259	348	129.689	0.4231466	640
Sample-641	G87945	LCSET-6880	1	NA	NA	HiSeqX	SAGE	30.285	0	0.008459	305	119.927	0.0905411	641
Sample-642	G80551	LCSET-6909	3	Male	White	HiSeqX	SAGE	30.082	0.00034	0.006147	306	114.887	0.0615382	642
Sample-643	G80551	LCSET-6909	5	NA	NA	HiSeqX	SAGE	32.367	0.00017	0.006034	399	107.91	0.0821283	643
Sample-644	G80551	LCSET-6909	4	NA	NA	HiSeqX	SAGE	30.241	4e-04	0.003334	393	134.428	8.5964209	644
Sample-645	G80551	LCSET-6909	2	NA	NA	HiSeqX	SAGE	31.042	0	0.007182	400	96.53	0.0335754	645
Sample-646	G80551	LCSET-6909	2	NA	NA	HiSeqX	SAGE	32.475	0	0.009943	415	115.868	0.0646645	646
Sample-647	G80551	LCSET-6909	3	NA	NA	HiSeqX	SAGE	31.658	0	0.006221	401	102.136	0.0461985	647
Sample-648	G80551	LCSET-6909	2	NA	NA	HiSeqX	SAGE	41.246	4e-05	0.007524	392	106.667	1.9079887	648
Sample-649	G90704	LCSET-7330	1	Female	White	HiSeqX	SAGE	35.6	0	0.006603	421	89.557	0.0031803	649
Sample-650	G90704	LCSET-7330	1	Female	White	HiSeqX	SAGE	32.795	0	0.007192	438	111.127	0.071237	650
Sample-651	G90704	LCSET-7330	1	Male	White	HiSeqX	SAGE	33.088	0	0.006526	424	81.301	0.0044164	651
Sample-652	G90704	LCSET-7330	1	Female	White	HiSeqX	SAGE	34.609	0	0.006819	440	93.506	0.00514	652
Sample-653	G90704	LCSET-7330	1	Male	White	HiSeqX	SAGE	41.53	0.00063	0.003235	315	120.744	0.101459	653
Sample-654	G90704	LCSET-7330	1	Male	White	HiSeqX	SAGE	34.085	0	0.006231	439	77.506	0.0049726	654
Sample-655	G90704	LCSET-7330	1	Female	White	HiSeqX	SAGE	31.354	0	0.005922	419	89.382	0.0069011	655
