SampleID	Mean_Coverage	Contamination_Estimation	Percent_Chimeric_Reads	Median_Insert_Size	Standard_Deviation_Insert_Size	Percent_lt_30bp_frags
Sample-001	39.771	0.00000	0.006817	365	 81.327	0.0055984
Sample-002	40.097	0.00000	0.003682	345	 68.687	0.0064346
Sample-003	40.846	0.00000	0.005409	353	 75.930	0.0065993
Sample-004	29.423	0.00000	0.005704	341	 87.434	0.0520538
Sample-005	42.422	0.00000	0.004530	359	 85.617	0.0072877
Sample-006	41.381	0.00000	0.003586	345	 72.598	0.0056361
Sample-007	43.119	0.00000	0.005031	355	 75.531	0.0063857
Sample-008	40.804	0.00000	0.005796	361	 74.739	0.0061761
Sample-009	44.677	0.00000	0.004832	344	 53.272	0.0059057
Sample-010	38.604	0.00383	0.009032	365	 56.442	0.0068505
Sample-011	25.660	0.00000	0.005954	339	 72.782	0.0078830
Sample-012	39.951	0.00000	0.005644	352	 62.314	0.0061559
Sample-013	57.392	0.00000	0.005686	326	 81.297	0.0333225
Sample-014	25.272	0.00000	0.006731	366	 71.973	0.0079673
Sample-015	43.846	0.00000	0.007218	324	 75.629	0.0047923
Sample-016	39.042	0.00000	0.005069	349	 74.284	0.0058930
Sample-017	42.663	0.00000	0.002528	326	 51.993	0.0031556
Sample-018	31.141	0.00108	0.003901	339	 69.669	0.0075845
Sample-019	40.408	0.00000	0.004548	354	 59.884	0.0064194
Sample-020	38.562	0.00000	0.004875	361	 75.819	0.0060728
Sample-021	32.903	0.00000	0.005708	344	 89.210	0.0576388
Sample-022	46.026	0.00000	0.004718	359	 72.014	0.0059735
Sample-023	41.451	0.00000	0.006007	353	 78.404	0.0061129
Sample-024	42.963	0.00000	0.003422	323	 45.202	0.0032426
Sample-025	33.294	0.00000	0.003523	307	 68.922	0.0036517
Sample-026	38.958	0.00000	0.004103	353	111.268	0.0972690
Sample-027	46.235	0.00014	0.003870	324	 61.580	0.0048536
Sample-028	42.838	0.00084	0.003346	306	102.448	0.0797822
Sample-029	37.991	0.00000	0.004225	350	 51.352	0.0063459
Sample-030	41.915	0.00000	0.006372	343	 51.447	0.0062628
Sample-031	29.590	0.00005	0.003185	349	 49.159	0.0072309
Sample-032	41.162	0.00000	0.004409	357	 69.452	0.0065066
Sample-033	38.967	0.00000	0.006092	349	 54.969	0.0067975
Sample-034	42.210	0.00000	0.004669	326	 87.066	0.0623353
Sample-035	45.684	0.00000	0.005471	319	 54.292	0.0033122
Sample-036	38.960	0.00000	0.006079	370	 66.496	0.0065722
Sample-037	45.971	0.00000	0.007016	333	 60.004	0.0036907
Sample-038	42.633	0.00000	0.006221	348	 60.675	0.0064857
Sample-039	43.660	0.00000	0.005077	346	101.590	0.0816756
Sample-040	37.658	0.00000	0.010292	362	100.187	0.0747702
Sample-041	47.721	0.00000	0.007447	349	 94.971	0.0579347
Sample-042	42.958	0.00000	0.005814	355	 62.186	0.0065314
Sample-043	46.277	0.00000	0.004644	342	 92.605	0.0675562
Sample-044	28.289	0.00000	0.005621	335	104.284	0.1171828
Sample-045	39.061	0.00011	0.004333	347	 68.800	0.0060698
Sample-046	40.458	0.00000	0.010201	368	 71.933	0.0063232
Sample-047	45.456	0.00000	0.005106	344	 75.022	0.0057716
Sample-048	41.601	0.00000	0.004218	332	 86.289	0.0523021
Sample-049	39.683	0.00000	0.004534	350	 67.229	0.0064848
Sample-050	36.684	0.00000	0.004652	370	 76.042	0.0058622
Sample-051	40.357	0.00000	0.007179	361	 72.628	0.0059967
Sample-052	41.519	0.00000	0.012731	354	 95.915	0.0555500
Sample-053	36.491	0.00000	0.007309	359	 36.870	0.0071995
Sample-054	39.600	0.00000	0.005895	350	 79.484	0.0060223
Sample-055	41.172	0.00000	0.005800	350	 92.201	0.0591821
Sample-056	45.751	0.00000	0.010387	353	102.901	0.0607349
Sample-057	25.781	0.00079	0.010556	353	 63.870	0.0080805
Sample-058	48.275	0.00000	0.004957	341	 91.894	0.0778200
Sample-059	44.509	0.00000	0.007085	346	100.408	0.0914635
Sample-060	43.279	0.00000	0.005470	351	 58.246	0.0063423
Sample-061	41.541	0.00000	0.003774	342	 74.120	0.0062642
Sample-062	27.038	0.00000	0.011340	361	103.503	0.0883221
Sample-063	41.436	0.00093	0.004351	324	 60.907	0.0049205
Sample-064	46.653	0.00000	0.007354	334	 59.262	0.0054094
Sample-065	42.316	0.00000	0.010831	340	 82.022	0.0158913
Sample-066	38.554	0.00000	0.006323	351	 72.307	0.0058574
Sample-067	37.891	0.00000	0.006078	336	 65.177	0.0057302
Sample-068	41.382	0.00000	0.004841	338	 73.178	0.0052342
Sample-069	37.878	0.01785	0.003540	410	119.857	1.2531245
Sample-070	36.991	0.00000	0.003804	366	100.214	0.0909111
Sample-071	37.556	0.00000	0.004655	389	112.538	0.0593301
Sample-072	34.328	0.00000	0.005249	395	107.505	0.0568216
Sample-073	36.738	0.00000	0.006054	365	112.319	0.0723879
Sample-074	34.606	0.00000	0.004135	390	119.745	0.0547851
Sample-075	34.382	0.00000	0.005466	327	115.351	0.0719986
Sample-076	37.748	0.00003	0.009037	375	102.842	0.0620619
Sample-077	38.641	0.00000	0.007327	416	106.882	0.0448763
Sample-078	36.117	0.00000	0.010537	366	116.732	0.0639964
Sample-079	36.830	0.00004	0.004701	364	100.706	0.0670204
Sample-080	34.367	0.00000	0.004118	364	105.559	0.0777279
Sample-081	35.500	0.00000	0.004320	369	112.696	0.0665756
Sample-082	35.338	0.00000	0.005585	386	114.217	0.0638124
Sample-083	35.613	0.00000	0.008241	377	112.331	0.0779697
Sample-084	34.240	0.00000	0.007136	384	109.110	0.0578687
Sample-085	34.691	0.00059	0.004700	302	117.758	0.0646784
Sample-086	36.658	0.00000	0.005880	368	108.680	0.0688306
Sample-087	37.552	0.00000	0.006880	331	110.571	0.0685354
Sample-088	43.464	0.00013	0.004936	286	109.461	0.0843025
Sample-089	46.265	0.00073	0.005924	348	 86.627	0.0559026
Sample-090	40.943	0.00000	0.005662	324	100.995	0.0973559
Sample-091	42.999	0.00003	0.005863	311	118.174	0.0677509
Sample-092	32.842	0.00189	0.000821	146	 18.800	0.0063031
Sample-093	45.715	0.00007	0.004987	227	106.551	0.0972549
Sample-094	36.622	0.00007	0.007940	377	108.180	0.0644104
Sample-095	37.891	0.00022	0.003980	382	104.745	0.0633489
Sample-096	35.311	0.00000	0.004627	382	112.883	0.0606647
Sample-097	34.582	0.00007	0.003604	338	 84.728	0.0540854
Sample-098	52.686	0.00082	0.001911	201	114.727	0.1121624
Sample-099	36.747	0.00011	0.003978	377	114.138	0.0709072
Sample-100	39.249	0.00001	0.006003	375	110.731	0.0720039
Sample-101	36.695	0.00003	0.004266	358	 99.289	0.0838335
Sample-102	35.486	0.00000	0.005531	387	106.573	0.0574434
Sample-103	34.772	0.00000	0.006239	409	103.316	0.0480409
Sample-104	37.549	0.00000	0.003334	374	 97.349	0.0639198
Sample-105	37.335	0.00018	0.006616	363	103.022	0.0760620
Sample-106	39.723	0.00000	0.004162	375	 87.551	0.0267144
Sample-107	34.170	0.00010	0.004270	295	118.119	0.0687084
Sample-108	34.150	0.00002	0.006171	381	109.672	0.0699593
Sample-109	38.632	0.00007	0.005286	387	110.297	0.0600589
Sample-110	33.462	0.00008	0.004331	351	112.154	0.0726923
Sample-111	33.588	0.00006	0.003463	327	119.142	0.0728402
Sample-112	34.215	0.00045	0.006192	381	113.341	0.0675756
Sample-113	34.625	0.00011	0.003770	282	120.678	0.0800993
Sample-114	33.801	0.00000	0.003677	354	106.326	0.0875788
Sample-115	36.248	0.00010	0.004236	363	110.678	0.0700795
Sample-116	33.788	0.00016	0.003679	333	120.908	0.0624457
Sample-117	34.571	0.00000	0.007480	375	110.692	0.0666034
Sample-118	33.758	0.00363	0.002954	262	120.766	0.0823017
Sample-119	34.065	0.00000	0.003931	386	112.852	0.0639383
Sample-120	35.687	0.00000	0.003664	389	105.073	0.0547069
Sample-121	35.753	0.00002	0.003196	263	120.820	0.0755566
Sample-122	33.978	0.00000	0.002820	384	116.044	0.0670381
Sample-123	33.350	0.00330	0.004918	376	109.619	0.0701621
Sample-124	33.784	0.00008	0.004071	237	109.205	0.0919674
Sample-125	34.577	0.00000	0.009254	390	119.114	0.0594488
Sample-126	33.641	0.00000	0.006901	369	106.692	0.0711400
Sample-127	33.410	0.00000	0.003743	395	109.992	0.0547597
Sample-128	36.779	0.00226	0.013593	386	108.780	0.0531674
Sample-129	33.384	0.00000	0.004641	370	110.094	0.0722644
Sample-130	36.018	0.00000	0.003659	373	106.474	0.0739709
Sample-131	36.165	0.00000	0.004486	336	117.751	0.0724496
Sample-132	34.435	0.00000	0.004623	358	112.405	0.0755025
Sample-133	38.765	0.00003	0.003974	368	112.449	0.0682442
Sample-134	37.198	0.00000	0.003634	377	111.162	0.0637622
Sample-135	33.934	0.00000	0.006514	335	118.711	0.0617431
Sample-136	35.026	0.00000	0.008812	336	119.214	0.0697905
Sample-137	34.196	0.00000	0.006096	376	115.329	0.0621116
Sample-138	34.194	0.00000	0.007287	301	115.688	0.0677594
Sample-139	33.842	0.00041	0.004178	317	112.892	0.0719321
Sample-140	35.099	0.00000	0.006126	380	114.567	0.0631761
Sample-141	34.847	0.00000	0.005914	392	114.031	0.0574640
Sample-142	36.615	0.00006	0.004462	390	100.620	0.0529578
Sample-143	34.332	0.01296	0.004883	353	 92.059	0.0757572
Sample-144	33.858	0.00000	0.006850	370	104.399	0.0701303
Sample-145	36.322	0.00000	0.002645	398	114.976	0.0544446
Sample-146	34.463	0.00000	0.004354	374	107.576	0.0667199
Sample-147	34.059	0.00000	0.005015	369	118.455	0.0616063
Sample-148	34.489	0.00000	0.008678	411	118.014	0.0486922
Sample-149	34.168	0.00000	0.003365	361	108.111	0.0876183
Sample-150	37.500	0.00023	0.003421	378	106.365	0.0704111
Sample-151	35.602	0.00000	0.004060	368	 95.515	0.0676375
Sample-152	33.832	0.02524	0.005713	356	105.346	0.0802066
Sample-153	35.867	0.00000	0.003497	391	106.240	0.0557576
Sample-154	33.970	0.00004	0.006202	387	108.647	0.0590025
Sample-155	33.658	0.00000	0.005541	397	118.826	0.0667896
Sample-156	42.653	0.00000	0.004052	436	103.752	0.0475617
Sample-157	43.220	0.00000	0.003753	431	110.722	0.0470313
Sample-158	44.943	0.00000	0.003899	432	102.945	0.0398454
Sample-159	40.093	0.00000	0.002882	317	126.127	0.0701834
Sample-160	40.873	0.00000	0.003735	422	 97.010	0.0410210
Sample-161	38.085	0.00002	0.003616	291	131.605	0.0798873
Sample-162	43.987	0.00000	0.003781	427	 99.211	0.0389156
Sample-163	40.473	0.00000	0.003023	285	111.453	0.0836050
Sample-164	31.742	0.00000	0.009374	433	 91.901	0.0044259
Sample-165	28.817	0.00000	0.008761	421	 90.160	0.0118439
Sample-166	28.349	0.00000	0.009904	409	109.053	0.0545949
Sample-167	28.253	0.00000	0.005752	293	111.532	0.0771596
Sample-168	28.316	0.00000	0.007283	411	113.754	0.0556072
Sample-169	28.335	0.00000	0.006224	384	105.402	0.0594167
Sample-170	32.261	0.00000	0.008973	403	 97.435	0.0382502
Sample-171	31.444	0.00000	0.007038	414	104.079	0.0474493
Sample-172	28.503	0.00031	0.009300	391	117.613	0.0622785
Sample-173	28.124	0.00000	0.006888	406	107.726	0.0524373
Sample-174	28.615	0.00850	0.008618	425	115.551	0.0564873
Sample-175	30.638	0.00000	0.008183	378	116.011	0.0615935
Sample-176	27.759	0.00000	0.009277	404	104.654	0.0433363
Sample-177	26.456	0.00473	0.006599	412	111.498	0.0552412
Sample-178	31.058	0.00000	0.007440	411	 96.894	0.0333477
Sample-179	32.527	0.00000	0.008917	429	 99.411	0.0374357
Sample-180	28.891	0.00816	0.010499	431	103.227	0.0386804
Sample-181	26.655	0.00000	0.009341	395	100.073	0.0487378
Sample-182	33.487	0.00000	0.010260	477	 97.786	0.0040389
Sample-183	28.100	0.00599	0.008412	405	107.712	0.0463967
Sample-184	26.534	0.00000	0.008814	411	 97.282	0.0285253
Sample-185	25.435	0.00000	0.007899	424	 97.894	0.0298218
Sample-186	31.448	0.00000	0.007814	433	 76.654	0.0042747
Sample-187	32.747	0.00000	0.008672	427	102.166	0.0375744
Sample-188	30.435	0.00000	0.009418	418	 67.511	0.0033621
Sample-189	31.592	0.00000	0.007967	427	 82.571	0.0042532
Sample-190	31.045	0.00000	0.008209	398	 95.158	0.0468151
Sample-191	26.510	0.00000	0.004304	310	121.860	0.1545489
Sample-192	32.453	0.00000	0.007454	413	105.793	0.0519344
Sample-193	32.081	0.00000	0.009569	416	 80.208	0.0036146
Sample-194	29.015	0.00000	0.010046	402	121.127	0.2447115
Sample-195	28.293	0.00000	0.010369	330	122.916	0.0679351
Sample-196	32.135	0.00000	0.009917	435	 96.700	0.0047713
Sample-197	32.308	0.00000	0.008207	408	 93.109	0.0271905
Sample-198	32.844	0.00000	0.009149	426	100.496	0.0277369
Sample-199	30.927	0.00000	0.008945	410	112.025	0.0513756
Sample-200	29.643	0.00000	0.004720	295	116.147	0.0764375
Sample-201	31.422	0.00000	0.007865	435	118.647	0.0538835
Sample-202	31.496	0.00000	0.008200	424	111.388	0.0506234
Sample-203	29.872	0.00000	0.011864	435	101.303	0.0390034
Sample-204	29.843	0.00000	0.006794	418	 70.131	0.0032515
Sample-205	33.685	0.00000	0.007969	401	 93.658	0.0366336
Sample-206	25.759	0.00000	0.007008	299	124.537	1.4496234
Sample-207	31.480	0.00000	0.009238	422	 92.918	0.0171788
Sample-208	31.970	0.00022	0.007513	425	 95.661	0.0183155
Sample-209	25.883	0.00000	0.008286	425	114.314	1.6969802
Sample-210	26.980	0.00000	0.005609	290	114.559	0.0648965
Sample-211	30.608	0.00000	0.006043	421	 86.237	0.0033822
Sample-212	28.119	0.00000	0.008471	408	101.816	0.0472979
Sample-213	32.451	0.00206	0.008626	412	108.725	0.0479636
Sample-214	28.546	0.00000	0.006314	398	110.029	0.0552452
Sample-215	30.397	0.00000	0.007321	410	115.386	0.0577384
Sample-216	29.972	0.00000	0.007008	381	105.656	0.0646647
Sample-217	30.641	0.00000	0.005958	351	118.095	0.0643941
Sample-218	28.829	0.00000	0.004077	301	116.272	0.0739706
Sample-219	26.571	0.00000	0.005526	432	116.610	0.0582857
Sample-220	31.039	0.00000	0.005802	395	108.446	0.0610014
Sample-221	27.950	0.00000	0.007610	345	120.290	0.0569787
Sample-222	30.934	0.00000	0.008979	413	108.072	0.0446063
Sample-223	32.100	0.00000	0.022478	414	 73.260	0.0037158
Sample-224	31.183	0.00000	0.009276	479	127.785	0.0488924
Sample-225	31.303	0.00000	0.008091	440	112.351	0.0451961
Sample-226	31.320	0.00000	0.008063	408	104.131	0.0476886
Sample-227	28.030	0.00000	0.006356	430	 75.759	0.0043467
Sample-228	28.605	0.00000	0.006642	394	109.881	0.0575178
Sample-229	30.663	0.00000	0.009575	423	 92.357	0.0096870
Sample-230	30.416	0.00000	0.006245	420	109.600	0.0530946
Sample-231	27.291	0.00000	0.007812	429	 96.175	0.0186527
Sample-232	30.223	0.00000	0.006259	407	105.080	0.4033910
Sample-233	24.448	0.00000	0.006221	404	117.716	0.0621586
Sample-234	28.161	0.00000	0.012589	413	109.150	0.0538688
Sample-235	30.554	0.00000	0.008519	436	117.708	0.0573813
Sample-236	28.648	0.00000	0.006165	419	 89.627	0.0034981
Sample-237	32.102	0.00000	0.008754	441	102.864	0.0334452
Sample-238	31.027	0.00000	0.009533	436	 82.213	0.0041744
Sample-239	26.929	0.00000	0.007403	427	 91.009	0.0146537
Sample-240	29.528	0.00000	0.014464	414	 77.500	0.0029668
Sample-241	28.423	0.00000	0.009773	396	116.520	0.0689561
Sample-242	32.067	0.00000	0.006580	414	 98.309	0.0387004
Sample-243	29.031	0.00585	0.008745	427	107.998	0.0442629
Sample-244	32.550	0.00000	0.010822	441	 69.475	0.0044890
Sample-245	32.293	0.00000	0.008207	475	125.801	0.0454318
Sample-246	34.207	0.00000	0.008305	427	 65.012	0.0033298
Sample-247	29.920	0.00188	0.005802	420	117.471	0.0511551
Sample-248	27.669	0.00000	0.004887	402	101.529	0.0515946
Sample-249	30.330	0.00000	0.006616	423	 73.297	0.0034130
Sample-250	31.236	0.00000	0.005914	400	 93.432	0.0439681
Sample-251	32.575	0.00000	0.006417	423	 48.062	0.0031991
Sample-252	31.129	0.00331	0.005302	424	 92.599	0.0191351
Sample-253	30.890	0.00000	0.007463	405	 94.532	0.0441137
Sample-254	32.941	0.00000	0.005061	425	 78.156	0.0032942
Sample-255	32.983	0.00000	0.005202	412	 96.497	0.0472550
Sample-256	32.573	0.00000	0.005253	423	 53.136	0.0035234
Sample-257	31.962	0.00000	0.005749	438	104.899	0.0431141
Sample-258	34.815	0.00000	0.008903	427	 83.332	0.0043587
Sample-259	32.996	0.00000	0.007781	393	 76.777	0.0044570
Sample-260	23.680	0.00000	0.004587	397	108.140	3.0991667
Sample-261	29.506	0.00000	0.007997	416	109.190	0.0482345
Sample-262	45.909	0.00009	0.007390	424	 79.183	0.0052864
Sample-263	35.996	0.00000	0.007057	403	 82.440	0.0035895
Sample-264	26.477	0.00000	0.007298	419	 82.127	0.0034262
Sample-265	28.051	0.00000	0.006493	423	 77.744	0.0039917
Sample-266	32.667	0.00000	0.007271	423	106.548	0.0489168
Sample-267	30.622	0.00000	0.007723	399	 67.939	0.0043386
Sample-268	31.401	0.00000	0.006764	416	 52.606	0.0034887
Sample-269	33.792	0.00000	0.006923	429	 82.175	0.0035460
Sample-270	33.122	0.00000	0.007030	438	 58.352	0.0030858
Sample-271	30.437	0.00000	0.006696	446	 64.519	0.0044114
Sample-272	34.009	0.00000	0.004926	450	 71.789	0.0043681
Sample-273	30.764	0.00000	0.004861	412	 76.992	0.0034052
Sample-274	28.922	0.00000	0.007899	414	 78.224	0.0035745
Sample-275	30.883	0.00000	0.006751	443	 82.512	0.0039211
Sample-276	31.969	0.00000	0.009082	433	 70.777	0.0029529
Sample-277	31.328	0.00000	0.006408	447	 92.047	0.0094612
Sample-278	29.041	0.00000	0.006311	423	 61.238	0.0035515
Sample-279	34.071	0.00000	0.004647	431	 60.044	0.0035240
Sample-280	31.333	0.01430	0.006579	441	 82.098	0.0047186
Sample-281	31.455	0.00000	0.006797	418	 74.194	0.0034647
Sample-282	29.632	0.00000	0.005782	432	 81.330	0.0038064
Sample-283	27.622	0.00000	0.007853	434	 78.397	0.0050765
Sample-284	30.181	0.00000	0.005168	439	104.930	0.0448251
Sample-285	31.843	0.00000	0.005513	432	 79.860	0.0037570
Sample-286	31.278	0.00000	0.006267	418	 74.775	0.0032132
Sample-287	32.266	0.00000	0.006276	423	 80.584	0.0032917
Sample-288	27.917	0.00000	0.007060	429	 85.894	0.0039908
Sample-289	27.686	0.00000	0.004648	360	110.931	0.0697114
Sample-290	30.189	0.00000	0.005470	427	 87.903	0.0107832
Sample-291	30.295	0.00000	0.004899	434	105.685	0.0461072
Sample-292	30.082	0.00053	0.003708	411	 78.528	0.0032861
Sample-293	29.197	0.00000	0.003208	405	 96.561	0.0474112
Sample-294	31.058	0.00000	0.004334	389	 99.564	0.0537303
Sample-295	32.508	0.00533	0.004285	419	 94.173	0.0360728
Sample-296	28.048	0.00000	0.004770	390	103.246	0.0517084
Sample-297	31.071	0.00000	0.004995	396	 94.427	0.0422172
Sample-298	32.534	0.00000	0.008058	422	 95.816	0.0305174
Sample-299	29.171	0.00000	0.007207	399	101.310	0.0485475
Sample-300	32.480	0.00000	0.005532	416	109.100	0.0475432
Sample-301	29.435	0.00000	0.007019	425	 83.618	0.0040831
Sample-302	32.490	0.00000	0.004056	427	 74.224	0.0034468
Sample-303	32.799	0.00000	0.004774	419	 85.872	0.0106572
Sample-304	28.124	0.00000	0.004530	339	114.436	0.0654530
Sample-305	28.794	0.00000	0.004036	415	102.247	0.0461247
Sample-306	31.471	0.00000	0.004774	422	 64.457	0.0035997
Sample-307	29.969	0.00000	0.005969	418	103.750	0.0453942
Sample-308	33.107	0.00000	0.006407	436	 64.639	0.0036109
Sample-309	31.962	0.00000	0.006042	439	 85.536	0.0045520
Sample-310	31.342	0.00000	0.005666	439	 68.528	0.0042257
Sample-311	26.091	0.00000	0.005729	410	101.435	0.0457105
Sample-312	31.447	0.00000	0.004954	437	 76.341	0.0033709
Sample-313	29.826	0.00000	0.005920	327	120.885	0.0615800
Sample-314	34.533	0.00000	0.005953	416	 53.515	0.0028738
Sample-315	32.161	0.00000	0.005346	447	 60.149	0.0044068
Sample-316	34.611	0.00000	0.004835	426	 79.394	0.0035866
Sample-317	29.548	0.00000	0.005167	430	 85.111	0.0075838
Sample-318	31.129	0.00000	0.005174	394	 76.927	0.0039426
Sample-319	32.652	0.00000	0.005529	419	 74.685	0.0030908
Sample-320	28.739	0.00000	0.005904	427	 96.519	0.0351424
Sample-321	34.261	0.00000	0.004327	427	 78.537	0.0033314
Sample-322	29.777	0.00000	0.004365	435	 73.602	0.0045867
Sample-323	24.986	0.00000	0.006785	418	 66.102	0.0033706
Sample-324	35.491	0.00000	0.005628	419	 84.557	0.0033777
Sample-325	32.337	0.00000	0.008549	422	 81.464	0.0050335
Sample-326	32.374	0.00000	0.005727	421	 61.835	0.0032676
Sample-327	33.450	0.00000	0.006113	415	102.730	0.0454973
Sample-328	31.012	0.00000	0.005510	429	 92.258	0.0099424
Sample-329	31.625	0.00000	0.005878	425	 70.041	0.0031369
Sample-330	30.936	0.00000	0.004645	422	104.134	0.0447271
Sample-331	32.304	0.00000	0.004801	422	 63.487	0.0038361
Sample-332	30.945	0.00000	0.004654	427	 59.182	0.0033752
Sample-333	29.973	0.00000	0.005338	424	 80.101	0.0032770
Sample-334	25.835	0.00000	0.004667	428	 77.971	0.0038985
Sample-335	31.031	0.00000	0.005253	417	 91.703	0.0378905
Sample-336	32.417	0.00000	0.004943	411	 82.635	0.0031803
Sample-337	29.405	0.00482	0.005778	435	109.529	0.0446777
Sample-338	30.572	0.00000	0.006559	409	 60.825	0.0033430
Sample-339	30.067	0.00000	0.005617	428	102.574	0.4706025
Sample-340	32.584	0.00000	0.007152	395	100.184	0.0555966
Sample-341	42.435	0.00000	0.006738	392	 76.570	0.0067739
Sample-342	35.356	0.00017	0.006439	405	114.379	0.0609192
Sample-343	30.123	0.00000	0.005831	428	 58.126	0.0041445
Sample-344	34.230	0.00000	0.007565	416	 92.172	0.0091885
Sample-345	31.379	0.00000	0.006974	414	102.821	0.0446037
Sample-346	32.581	0.00000	0.005370	421	 65.082	0.0034782
Sample-347	31.455	0.00000	0.008246	437	 56.528	0.0038168
Sample-348	32.779	0.00000	0.005306	421	 83.820	0.0039153
Sample-349	26.623	0.00000	0.005408	417	 41.197	0.0032078
Sample-350	32.736	0.00000	0.004859	412	 61.629	0.0032362
Sample-351	27.816	0.00000	0.005941	412	 76.812	0.0033948
Sample-352	29.398	0.00000	0.005951	339	118.421	0.0609335
Sample-353	32.526	0.00000	0.006868	398	 83.820	0.0051416
Sample-354	28.520	0.00000	0.007501	414	 52.832	0.0035198
Sample-355	33.168	0.00000	0.005374	409	 94.313	0.0400367
Sample-356	30.849	0.00000	0.006877	418	 98.750	0.0422931
Sample-357	34.069	0.00000	0.008224	442	 83.529	0.0041930
Sample-358	40.680	0.00000	0.006273	400	 98.579	0.0322792
Sample-359	32.179	0.00000	0.006182	416	 79.675	0.0028553
Sample-360	34.392	0.00000	0.006986	412	 85.551	0.0039442
Sample-361	30.333	0.00000	0.006441	401	 97.689	0.0511040
Sample-362	33.469	0.00000	0.008269	424	 79.375	0.0038277
Sample-363	33.432	0.00000	0.005693	400	 97.654	0.0458918
Sample-364	30.578	0.00000	0.006980	427	 74.849	0.0035913
Sample-365	32.213	0.00000	0.006417	418	 73.149	0.0031608
Sample-366	32.720	0.00000	0.003569	387	120.174	0.0649141
Sample-367	30.110	0.00000	0.006820	450	 88.886	0.0049498
Sample-368	25.356	0.00000	0.008984	362	116.812	0.1856472
Sample-369	33.063	0.00000	0.004773	408	102.701	0.0437014
Sample-370	30.933	0.00000	0.005286	423	 80.906	0.0036641
Sample-371	32.429	0.00000	0.005382	403	 92.881	0.0338139
Sample-372	29.690	0.00000	0.005974	430	104.555	0.0439988
Sample-373	32.200	0.00000	0.005712	415	 88.901	0.0049077
Sample-374	25.997	0.00000	0.006926	404	 82.275	0.1274470
Sample-375	28.999	0.00000	0.003726	402	121.870	4.1166186
Sample-376	31.004	0.00000	0.008675	381	119.168	0.0604463
Sample-377	33.098	0.00000	0.005710	419	 87.380	0.0040709
Sample-378	30.430	0.00000	0.007107	440	 44.657	0.0043356
Sample-379	33.590	0.00000	0.005479	412	100.554	0.0393996
Sample-380	31.555	0.00000	0.005893	427	 99.771	0.0386366
Sample-381	30.747	0.00000	0.006447	439	 85.762	0.0048763
Sample-382	34.995	0.00000	0.006391	426	 88.212	0.0168787
Sample-383	34.102	0.00000	0.006509	385	 65.558	0.0046984
Sample-384	34.278	0.00000	0.006260	400	 78.512	0.0052065
Sample-385	33.847	0.00000	0.006744	417	 78.823	0.0032836
Sample-386	31.948	0.00000	0.005630	410	 61.212	0.0036137
Sample-387	29.079	0.00000	0.007900	444	 68.224	0.0045563
Sample-388	26.044	0.00000	0.007181	404	 71.864	0.0031326
Sample-389	34.196	0.02564	0.005871	414	 70.030	0.0035782
Sample-390	34.466	0.00000	0.004787	417	 54.080	0.0031523
Sample-391	25.664	0.00000	0.006159	413	 61.817	0.0032922
Sample-392	34.002	0.00000	0.007479	412	 82.189	0.0036569
Sample-393	37.739	0.00000	0.006150	395	 69.634	0.0062755
Sample-394	33.670	0.00000	0.007620	400	 69.207	0.0031892
Sample-395	31.969	0.00000	0.006152	427	110.964	0.0436147
Sample-396	29.707	0.00000	0.002918	426	 58.528	0.0033801
Sample-397	31.731	0.00000	0.004850	407	 53.357	0.0036257
Sample-398	32.042	0.00000	0.005983	422	 75.001	0.0034896
Sample-399	32.608	0.00000	0.005079	413	 97.567	0.0362404
Sample-400	32.583	0.00000	0.008711	432	 74.113	0.0040006
Sample-401	28.620	0.00000	0.008115	399	 71.647	0.0039776
Sample-402	31.517	0.00000	0.007162	427	102.619	0.0382127
Sample-403	31.803	0.00000	0.007021	411	 68.806	0.0035003
Sample-404	31.431	0.00000	0.005263	419	 71.996	0.0033927
Sample-405	33.538	0.00000	0.007519	414	 72.975	0.0031551
Sample-406	26.387	0.00000	0.008438	417	104.656	0.0433954
Sample-407	32.444	0.00000	0.007599	430	 60.319	0.0037879
Sample-408	29.573	0.00008	0.007686	417	102.239	0.0436390
Sample-409	29.671	0.00000	0.008231	413	 57.474	0.0033045
Sample-410	33.514	0.00000	0.009244	414	 66.924	0.0029637
Sample-411	28.891	0.00572	0.007846	407	109.015	0.0501700
Sample-412	29.673	0.00000	0.005240	421	 94.728	0.0278408
Sample-413	26.238	0.00000	0.005615	421	106.473	0.0515986
Sample-414	33.169	0.00000	0.007746	414	 77.636	0.0027937
Sample-415	34.656	0.00000	0.007710	386	 63.917	0.0052762
Sample-416	25.353	0.00000	0.007917	430	 57.213	0.0038337
Sample-417	31.160	0.00000	0.007025	418	 78.484	0.0035919
Sample-418	31.805	0.00000	0.007694	423	 98.699	0.0379452
Sample-419	29.245	0.00000	0.008363	408	114.595	0.0540822
Sample-420	31.050	0.00000	0.006647	381	101.385	0.0589966
Sample-421	30.381	0.00000	0.008620	401	107.288	0.0586441
Sample-422	26.307	0.00000	0.007767	421	101.348	0.0485729
Sample-423	30.808	0.00000	0.008871	396	100.935	0.0494370
Sample-424	25.706	0.00000	0.013574	358	114.498	0.0698427
Sample-425	32.246	0.00000	0.006352	394	107.881	0.0549328
Sample-426	28.812	0.00000	0.006457	411	106.171	0.1645624
Sample-427	31.173	0.00000	0.008112	392	100.009	0.0525785
Sample-428	31.730	0.00000	0.008035	414	 64.177	0.0033331
Sample-429	30.651	0.00000	0.006016	388	101.766	0.0570238
Sample-430	33.434	0.00000	0.007744	414	 61.896	0.0037279
Sample-431	26.634	0.00000	0.005675	422	 86.088	0.0033929
Sample-432	32.838	0.00031	0.003944	403	122.584	4.9522620
Sample-433	31.096	0.00008	0.006063	382	 98.188	0.0558503
Sample-434	30.494	0.00000	0.008441	408	100.671	0.0381230
Sample-435	29.630	0.00000	0.007088	394	 60.654	0.0034758
Sample-436	28.186	0.00000	0.007210	414	103.816	0.0416206
Sample-437	28.496	0.00000	0.005707	417	 95.692	0.0256497
Sample-438	32.289	0.00000	0.006836	409	 94.418	0.0360339
Sample-439	33.184	0.01483	0.006317	399	112.196	0.0635570
Sample-440	37.597	0.00000	0.007408	427	104.175	0.0419685
Sample-441	39.238	0.00014	0.007541	393	 72.308	0.0040245
Sample-442	34.215	0.00000	0.007713	415	 76.664	0.0036964
Sample-443	43.317	0.00000	0.009915	428	 95.620	0.0409333
Sample-444	36.855	0.00000	0.006412	406	 83.874	0.0104994
Sample-445	25.716	0.00000	0.005914	389	110.584	0.0879443
Sample-446	28.981	0.00000	0.010893	393	 87.848	0.0146142
Sample-447	29.640	0.00000	0.005165	296	111.823	0.0598358
Sample-448	24.798	0.00000	0.021764	426	122.185	1.6666036
Sample-449	32.476	0.00000	0.014120	412	104.760	0.0665451
Sample-450	29.001	0.00000	0.007465	431	105.955	0.0596043
Sample-451	29.969	0.00000	0.004513	384	106.403	0.0550452
Sample-452	25.990	0.00000	0.007026	396	110.590	0.0651915
Sample-453	31.867	0.00000	0.007038	390	 75.459	0.0051568
Sample-454	35.229	0.00000	0.006222	417	 79.654	0.0039868
Sample-455	36.188	0.00000	0.011214	441	 74.241	0.0058131
Sample-456	33.489	0.00000	0.006308	392	 91.914	0.0311856
Sample-457	30.443	0.00000	0.007424	428	 83.905	0.0039338
Sample-458	31.659	0.00000	0.005110	386	101.879	0.0602327
Sample-459	28.843	0.00000	0.007396	397	104.387	0.0757935
Sample-460	31.205	0.00000	0.007322	404	 81.906	0.0039197
Sample-461	60.141	0.00000	0.006889	400	108.398	0.0778518
Sample-462	31.461	0.00000	0.006493	412	 92.850	0.0355261
Sample-463	54.572	0.00000	0.006141	394	108.159	0.0551260
Sample-464	29.694	0.00000	0.008091	402	 97.535	0.0394369
Sample-465	36.457	0.00000	0.006761	405	 99.545	0.0578908
Sample-466	34.061	0.00000	0.007295	397	 90.185	0.0272923
Sample-467	31.832	0.00000	0.007398	419	100.552	0.0481747
Sample-468	31.166	0.00000	0.005243	363	112.340	0.0917988
Sample-469	33.939	0.00000	0.005935	419	 97.056	0.0202467
Sample-470	30.436	0.00000	0.007558	398	 75.927	0.0049210
Sample-471	61.107	0.00000	0.007698	404	105.695	0.0549137
Sample-472	31.248	0.00000	0.007640	408	 98.621	0.0369060
Sample-473	29.466	0.00000	0.012128	413	109.847	0.0492658
Sample-474	32.530	0.00000	0.009618	408	 96.558	0.0508530
Sample-475	31.025	0.00000	0.007178	419	105.175	0.0633952
Sample-476	29.549	0.00000	0.007429	419	114.309	0.0613616
Sample-477	29.349	0.00000	0.007203	408	 71.236	0.0044560
Sample-478	56.467	0.00000	0.007024	409	 86.832	0.0053067
Sample-479	30.122	0.00000	0.005169	416	113.535	0.0500135
Sample-480	29.700	0.00000	0.006638	398	105.168	0.0603864
Sample-481	30.512	0.00000	0.007731	421	 81.312	0.0043074
Sample-482	58.253	0.00000	0.010046	423	 95.995	0.0191727
Sample-483	29.109	0.00000	0.008239	401	 91.068	0.0230154
Sample-484	30.996	0.00000	0.008142	409	111.413	0.0625661
Sample-485	60.246	0.00027	0.008927	414	 77.225	0.0038816
Sample-486	30.564	0.00000	0.006064	402	107.340	0.0490994
Sample-487	30.926	0.00000	0.008556	430	 92.249	0.0145308
Sample-488	27.911	0.00000	0.008823	403	 93.035	0.0285218
Sample-489	32.546	0.00000	0.010776	408	 70.870	0.0035358
Sample-490	34.364	0.00000	0.006938	387	 92.117	0.0466276
Sample-491	28.369	0.00000	0.005977	402	100.321	0.0436115
Sample-492	28.743	0.00000	0.006374	320	115.496	0.0582911
Sample-493	31.796	0.00000	0.005449	402	106.059	0.0475194
Sample-494	30.936	0.00000	0.005683	402	101.840	0.0492560
Sample-495	30.154	0.00000	0.006961	406	 62.142	0.0034246
Sample-496	31.542	0.00000	0.005937	423	 87.716	0.0082415
Sample-497	30.149	0.00000	0.008570	410	 70.705	0.0041309
Sample-498	31.923	0.00000	0.007933	372	114.708	0.0828016
Sample-499	34.883	0.00000	0.006909	416	 80.715	0.0044920
Sample-500	27.822	0.00000	0.005548	311	114.677	0.0576653
Sample-501	28.453	0.00000	0.009055	404	 77.950	0.0043026
Sample-502	30.098	0.00000	0.008080	415	 65.982	0.0034950
Sample-503	32.607	0.00000	0.007887	408	 78.999	0.0044027
Sample-504	30.141	0.00000	0.005590	302	113.528	0.0672384
Sample-505	31.475	0.00000	0.007133	402	101.451	0.0591700
Sample-506	30.628	0.00000	0.004726	341	111.963	0.0529100
Sample-507	26.684	0.00000	0.005520	405	 86.824	0.0061548
Sample-508	30.319	0.00000	0.007133	341	110.088	0.0836797
Sample-509	28.996	0.00000	0.010348	400	 70.001	0.0040940
Sample-510	31.226	0.00000	0.008593	409	107.888	0.0552968
Sample-511	30.858	0.00000	0.005404	400	106.773	0.0536525
Sample-512	35.258	0.00000	0.005940	405	 97.893	0.0445893
Sample-513	30.805	0.00000	0.006752	425	101.990	0.0353051
Sample-514	30.206	0.00000	0.006036	391	 97.588	0.0629645
Sample-515	31.646	0.00000	0.005850	419	 60.536	0.0030027
Sample-516	34.079	0.00000	0.004409	399	101.465	0.0416140
Sample-517	34.340	0.00000	0.004180	359	110.383	0.0589838
Sample-518	31.257	0.00000	0.004656	423	 86.448	0.0031001
Sample-519	36.594	0.00000	0.006239	415	 67.667	0.0029150
Sample-520	31.783	0.00000	0.005796	420	 99.213	0.0334225
Sample-521	30.815	0.00000	0.004342	406	131.336	1.3667895
Sample-522	32.466	0.00000	0.004982	412	 79.377	0.0027479
Sample-523	29.315	0.00000	0.003798	294	113.521	0.0973994
Sample-524	30.721	0.00000	0.004072	390	 91.494	0.0295945
Sample-525	28.512	0.00000	0.005060	316	114.302	0.0587304
Sample-526	30.179	0.00000	0.005309	388	 99.899	0.0524748
Sample-527	28.161	0.00000	0.006995	400	103.689	0.0589134
Sample-528	35.097	0.00000	0.007942	426	 73.061	0.0050924
Sample-529	29.109	0.00000	0.006832	321	111.321	0.0589606
Sample-530	29.570	0.00003	0.007514	392	114.038	0.0521881
Sample-531	30.581	0.00000	0.007116	395	102.331	0.0518194
Sample-532	30.706	0.00000	0.005837	402	102.674	0.0465651
Sample-533	29.443	0.00000	0.006223	441	103.350	0.0379416
Sample-534	30.977	0.00000	0.004490	440	 81.352	0.0032819
Sample-535	32.961	0.00000	0.008608	400	 79.132	0.0032185
Sample-536	31.547	0.00000	0.005707	285	110.424	0.0622071
Sample-537	31.446	0.00000	0.005658	392	106.756	0.0525894
Sample-538	32.065	0.00000	0.006414	399	113.279	0.0548775
Sample-539	32.401	0.00000	0.005665	427	101.815	0.0364560
Sample-540	32.316	0.00000	0.007353	407	 92.424	0.0189919
Sample-541	28.470	0.00000	0.005843	304	114.383	0.0596363
Sample-542	31.476	0.00000	0.007698	397	109.703	0.0540727
Sample-543	32.245	0.00000	0.007017	412	104.029	0.0441174
Sample-544	31.206	0.00000	0.005529	414	104.254	0.0409932
Sample-545	31.973	0.00000	0.006569	405	105.114	0.0481820
Sample-546	33.625	0.00000	0.004471	436	 56.851	0.0036441
Sample-547	31.526	0.00000	0.005789	396	 93.905	0.0415742
Sample-548	31.240	0.00000	0.008006	382	108.943	0.1003982
Sample-549	30.851	0.00000	0.005809	313	111.259	0.0629226
Sample-550	30.536	0.00000	0.006181	308	111.221	0.0558703
Sample-551	33.010	0.00000	0.005496	393	103.690	0.0517765
Sample-552	31.449	0.00000	0.005589	407	104.128	0.0443665
Sample-553	32.680	0.00000	0.007137	418	 92.418	0.0189913
Sample-554	31.379	0.00000	0.007676	420	 81.308	0.0034733
Sample-555	33.485	0.00000	0.004723	420	114.721	0.0547119
Sample-556	32.615	0.00000	0.004925	427	107.606	0.0434509
Sample-557	32.395	0.00000	0.001687	446	 51.631	0.0037502
Sample-558	29.925	0.00000	0.005914	407	 99.367	0.0429192
Sample-559	28.523	0.00000	0.005691	397	 95.919	0.0440917
Sample-560	30.393	0.00000	0.005746	396	101.948	0.0488177
Sample-561	35.007	0.00000	0.006955	401	 76.696	0.0058442
Sample-562	33.404	0.00000	0.009326	425	 53.271	0.0048316
Sample-563	30.241	0.00000	0.009996	423	109.267	0.0722962
Sample-564	30.543	0.00000	0.008780	407	 98.714	0.0611617
Sample-565	30.586	0.00000	0.007217	426	106.133	0.0494833
Sample-566	30.786	0.00032	0.006647	416	101.980	0.0615668
Sample-567	31.867	0.00039	0.007628	307	111.588	0.0984159
Sample-568	29.779	0.00000	0.005389	413	 76.006	0.0036231
Sample-569	35.916	0.00000	0.006219	428	 85.324	0.0050032
Sample-570	30.389	0.00000	0.010300	409	110.383	0.1287956
Sample-571	30.494	0.00000	0.011573	401	 92.829	0.0282844
Sample-572	31.992	0.00000	0.007271	403	 94.462	0.0404687
Sample-573	31.066	0.00000	0.006758	421	111.545	0.0465248
Sample-574	31.501	0.00000	0.014371	407	 77.723	0.0040712
Sample-575	31.729	0.00000	0.006872	294	115.853	0.0928730
Sample-576	31.086	0.00000	0.006391	447	 96.365	0.0106724
Sample-577	30.374	0.00000	0.011457	419	 84.777	0.0048562
Sample-578	32.075	0.00012	0.006791	389	110.985	0.0917645
Sample-579	29.949	0.00000	0.008905	430	 86.804	0.0085836
Sample-580	33.062	0.00007	0.007968	308	113.079	0.0873239
Sample-581	31.770	0.00000	0.007834	411	107.321	0.0672796
Sample-582	31.781	0.00000	0.004557	404	112.112	0.0832473
Sample-583	31.242	0.00000	0.006993	414	108.015	0.0804935
Sample-584	30.803	0.00000	0.007806	419	 97.825	0.0252013
Sample-585	30.509	0.00000	0.017206	394	 65.014	0.0044717
Sample-586	30.233	0.00000	0.007356	435	111.402	0.0615931
Sample-587	30.100	0.00000	0.016270	432	100.179	0.0191072
Sample-588	30.700	0.00000	0.005804	411	 91.680	0.0224922
Sample-589	32.192	0.00008	0.008115	434	 78.730	0.0054452
Sample-590	30.904	0.00000	0.008596	427	 90.866	0.0052865
Sample-591	29.863	0.00000	0.014007	410	 90.334	0.0045277
Sample-592	30.610	0.00000	0.010371	410	115.626	0.0828007
Sample-593	30.666	0.00000	0.007002	397	 96.334	0.0561219
Sample-594	29.644	0.00000	0.008241	423	 92.828	0.0052785
Sample-595	30.786	0.00000	0.011483	412	111.584	0.0665473
Sample-596	30.999	0.00000	0.006410	408	 91.691	0.0236499
Sample-597	32.749	0.00060	0.014493	246	109.311	2.2512313
Sample-598	31.419	0.00000	0.006811	292	116.511	0.0948936
Sample-599	30.007	0.00000	0.006194	419	103.703	0.0638910
Sample-600	32.325	0.00000	0.006947	296	114.564	0.0679359
Sample-601	31.287	0.00000	0.013652	297	114.603	0.0632579
Sample-602	36.782	0.00030	0.005249	397	104.498	0.2858169
Sample-603	29.712	0.00000	0.005767	413	100.959	0.0703958
Sample-604	31.420	0.00000	0.009535	417	 93.835	0.0185642
Sample-605	31.711	0.00000	0.009434	417	 73.438	0.0049159
Sample-606	34.935	0.00000	0.014620	413	 83.263	0.0048028
Sample-607	33.404	0.00000	0.005928	329	116.266	0.0721209
Sample-608	31.899	0.00000	0.006328	420	 95.869	0.0341947
Sample-609	31.024	0.00000	0.018968	413	 98.554	0.0590692
Sample-610	29.896	0.00000	0.009433	414	 94.754	0.0209416
Sample-611	31.741	0.00000	0.010053	370	113.511	0.0794386
Sample-612	32.081	0.00032	0.025978	328	110.367	0.0838842
Sample-613	29.839	0.00000	0.011462	421	 94.267	0.0230035
Sample-614	31.746	0.00000	0.005090	386	108.196	0.2079143
Sample-615	30.886	0.00027	0.007060	419	106.336	0.0584818
Sample-616	30.611	0.00027	0.007946	426	105.856	0.0643950
Sample-617	32.269	0.00037	0.009469	417	108.879	0.0778108
Sample-618	30.599	0.00000	0.009479	412	100.124	0.0509000
Sample-619	34.390	0.00000	0.005894	406	 82.404	0.0040440
Sample-620	32.204	0.00000	0.008862	399	101.638	0.0529684
Sample-621	30.531	0.00010	0.006555	421	 92.991	0.0076520
Sample-622	31.847	0.00000	0.006974	411	104.921	0.0657071
Sample-623	31.628	0.00000	0.008039	396	109.118	0.0821946
Sample-624	30.986	0.00000	0.005947	412	 93.070	0.0179184
Sample-625	31.155	0.00000	0.006424	412	110.744	0.0505558
Sample-626	31.041	0.00000	0.010438	407	110.676	0.0807768
Sample-627	32.581	0.00000	0.005895	403	 96.555	0.0573384
Sample-628	32.014	0.00000	0.008797	407	111.879	0.0798880
Sample-629	31.856	0.00000	0.005395	400	 96.812	0.0497693
Sample-630	30.116	0.00000	0.007509	421	 97.508	0.0531975
Sample-631	30.504	0.00000	0.008571	404	119.114	0.3887014
Sample-632	32.094	0.00000	0.007488	335	113.506	0.0951276
Sample-633	31.978	0.00009	0.005875	410	104.677	0.0612980
Sample-634	31.468	0.00000	0.007320	408	 78.299	0.0038505
Sample-635	30.350	0.00000	0.007001	436	 91.018	0.0052703
Sample-636	30.033	0.00000	0.004320	402	 77.482	0.0042610
Sample-637	29.727	0.00000	0.040562	434	 77.539	0.0054248
Sample-638	30.390	0.00075	0.011419	423	103.461	0.0455215
Sample-639	58.058	0.00000	0.005924	409	122.411	2.7356238
Sample-640	35.723	0.00462	0.007259	348	129.689	0.4231466
Sample-641	30.285	0.00000	0.008459	305	119.927	0.0905411
Sample-642	30.082	0.00034	0.006147	306	114.887	0.0615382
Sample-643	32.367	0.00017	0.006034	399	107.910	0.0821283
Sample-644	30.241	0.00040	0.003334	393	134.428	8.5964209
Sample-645	31.042	0.00000	0.007182	400	 96.530	0.0335754
Sample-646	32.475	0.00000	0.009943	415	115.868	0.0646645
Sample-647	31.658	0.00000	0.006221	401	102.136	0.0461985
Sample-648	41.246	0.00004	0.007524	392	106.667	1.9079887
Sample-649	35.600	0.00000	0.006603	421	 89.557	0.0031803
Sample-650	32.795	0.00000	0.007192	438	111.127	0.0712370
Sample-651	33.088	0.00000	0.006526	424	 81.301	0.0044164
Sample-652	34.609	0.00000	0.006819	440	 93.506	0.0051400
Sample-653	41.530	0.00063	0.003235	315	120.744	0.1014590
Sample-654	34.085	0.00000	0.006231	439	 77.506	0.0049726
Sample-655	31.354	0.00000	0.005922	419	 89.382	0.0069011
Sample-656	32.539	0.00000	0.005051	408	117.640	0.0881636
Sample-657	34.079	0.00128	0.002826	338	118.577	0.0884893
Sample-658	33.698	0.00000	0.003232	313	113.954	0.0875305
Sample-659	35.061	0.00000	0.005413	403	 72.494	0.0040154
Sample-660	34.826	0.00073	0.003861	374	107.558	0.0870143
